cuid,cuname,cu_acronym,duid,du_number,DU_name,du_acronym,trtc_cu,FULL_CU_IN,spp,gen_length,COSEWIC_status,last_assessed,ca_check_012022,Area,Species,OU No.,Outlook Unit Name,Conservation Unit,SMU
302,Boundary Bay_FA_0.3,BB,302,CK1,"Southern Mainland Boundary Bay, Ocean, Fall population",BB+GStr/Ocean/Fall,CK-002,CK-2,Chinook,5,Threatened,2020,y,SOUTH COAST,Chinook,42,Georgia Strait Fall (wild and small hatchery operations),CK::Boundary Bay,GEORGIA STRAIT CHINOOK SALMON
311,Middle Fraser River_SU_1.3,MFR-summer,311,CK10,"Middle Fraser, Stream, Summer population",MFR+GStr/Stream/Summer,CK-011,CK-11,Chinook,5,Threatened,2018,y,FRASER,Chinook,98,Fraser River Summer Run 52,CK::Middle Fraser River-summer timing,FRASER SUMMER RUN 52 CHINOOK SALMON
312,Upper Fraser River_SP_1.3,UFR-spring,312,CK11,"Upper Fraser, Stream, Spring population",UFR/Stream/Spring,CK-012,CK-12,Chinook,5,Endangered,2018,y,FRASER,Chinook,97,Fraser River Spring Run 52,CK::Upper Fraser River-spring timing,FRASER SPRING RUN 52 CHINOOK SALMON
313,South Thompson_SU_0.3,STh-0.3,335,CK12,"South Thompson, Ocean, Summer population",STh+GStr/Ocean/Summer,CK-013,CK-13,Chinook,4,Not at risk,2018,y,FRASER,Chinook,99,Fraser River Summer Run 41,CK::South Thompson-summer timing-age 0.3,FRASER SUMMER RUN 41 CHINOOK SALMON
315,Shuswap River_SU_0.3,STh-SHUR,335,CK12,"South Thompson, Ocean, Summer population",STh+GStr/Ocean/Summer,CK-015,CK-15,Chinook,4,Not at risk,2018,y,FRASER,Chinook,99,Fraser River Summer Run 41,CK::Shuswap River-summer timing-age 0.3,FRASER SUMMER RUN 41 CHINOOK SALMON
314,South Thompson_SU_1.3,STh-1.3,314,CK13,"South Thompson, Stream, Summer 1.3 population",STh+GStr/Stream/Summer,CK-014,CK-14,Chinook,5,Endangered,2020,y,FRASER,Chinook,98,Fraser River Summer Run 52,CK::South Thompson-summer timing-age 1.3,FRASER SUMMER RUN 52 CHINOOK SALMON
316,South Thompson-Bessette Creek_SU_1.2,STh-BESS,316,CK14,"South Thompson, Stream, Summer 1.2 (Bessette) population",STh+GStr/Stream/Summer/(Bessette),CK-016,CK-16,Chinook,4,Endangered,2018,y,FRASER,Chinook,96,Fraser River Spring Run 42,CK::South Thompson-Bessette Creek,FRASER SPRING RUN 42 CHINOOK SALMON
317,Lower Thompson_SP_1.2,LTh,317,CK15,"Lower Thompson, Stream, Spring population",LTh+GStr/Stream/Spring,CK-017,CK-17,Chinook,4,Endangered,2020,y,FRASER,Chinook,96,Fraser River Spring Run 42,CK::Lower Thompson-spring timing-age 1.2,FRASER SPRING RUN 42 CHINOOK SALMON
318,North Thompson_SP_1.3,NTh-spr,318,CK16,"North Thompson, Stream, Spring population",NTh+GStr/Stream/Spring,CK-018,CK-18,Chinook,5,Endangered,2018,y,FRASER,Chinook,97,Fraser River Spring Run 52,CK::North Thompson-spring timing-age 1.3,FRASER SPRING RUN 52 CHINOOK SALMON
319,North Thompson_SU_1.3,NTh-sum,319,CK17,"North Thompson, Stream, Summer population",NTh+Gstr/Stream/Summer,CK-019,CK-19,Chinook,5,Endangered,2018,y,FRASER,Chinook,98,Fraser River Summer Run 52,CK::North Thompson-summer timing-age 1.3,FRASER SUMMER RUN 52 CHINOOK SALMON
320,Southern Mainland-Georgia Strait_FA_0.x,SC-GStr,320,CK18,"South Coast - Georgia Strait, Ocean, Fall population",SC+GStr/Ocean/Fall,CK-020,CK-20,Chinook,4,Data Deficient,2020,y,SOUTH COAST,Chinook,42,Georgia Strait Fall (wild and small hatchery operations),CK::South Coast-Georgia Strait,GEORGIA STRAIT CHINOOK SALMON
323,East Vancouver Island-Nanaimo_SP_1.x,NanR-spr,323,CK19,"East Vancouver Island, Stream, Spring population",EVI+GStr/Stream/Spring,CK-023,CK-23,Chinook,4,Endangered,2018,y,SOUTH COAST,Chinook,44,Georgia Strait Spring and Summer,CK::East Vancouver Island-Nanaimo-spring timing,GEORGIA STRAIT CHINOOK SALMON
303,Lower Fraser River_FA_0.3,LFR-fall,303,CK2,"Lower Fraser, Ocean, Fall population (Harrison)",LFR+GStr/Ocean/Fall,CK-003,CK-3,Chinook,4,Threatened,2018,y,FRASER,Chinook,100,Fraser River Fall Run 41,CK::Lower Fraser River-fall timing (white),FRASER FALL RUN 42 CHINOOK SALMON
334,East Vancouver Island-Georgia Strait_SU_0.3,EVIGStr-sum,334,CK20,"East Vancouver Island, Ocean, Summer population",EVI+GStr/Ocean/Summer,CK-083,CK-83,Chinook,4,Endangered,2020,y,SOUTH COAST,Chinook,44,Georgia Strait Spring and Summer,CK::Vancouver Island-Georgia Strait_su_0.3,GEORGIA STRAIT CHINOOK SALMON
321,East Vancouver Island-Goldstream_FA_0.x,Goldstr,300,CK21,"East Vancouver Island, Ocean, Fall population",EVI+GStr/Ocean/Fall,CK-021,CK-21,Chinook,3,Special Concern,2020,y,SOUTH COAST,Chinook,42,Georgia Strait Fall (wild and small hatchery operations),CK::East Vancouver Island-Goldstream,GEORGIA STRAIT CHINOOK SALMON
322,East Vancouver Island-Cowichan and Koksilah_FA_0.x,CWCH-KOK,300,CK21,"East Vancouver Island, Ocean, Fall population",EVI+GStr/Ocean/Fall,CK-022,CK-22,Chinook,3,Special Concern,2020,y,SOUTH COAST,Chinook,42,Georgia Strait Fall (wild and small hatchery operations),CK::East Vancouver Island-Cowichan and Koksilah,GEORGIA STRAIT CHINOOK SALMON
324,East Vancouver Island-Nanaimo and Chemainus_FA_0.x,EVI-fall,300,CK21,"East Vancouver Island, Ocean, Fall population",EVI+GStr/Ocean/Fall,CK-025,CK-25,Chinook,3,Special Concern,2020,y,SOUTH COAST,Chinook,42,Georgia Strait Fall (wild and small hatchery operations),CK::East Vancouver Island-Nanaimo and Chemainus-fall timing,GEORGIA STRAIT CHINOOK SALMON
325,East Vancouver Island-Qualicum and Puntledge_FA_0.x,QP-fall,300,CK21,"East Vancouver Island, Ocean, Fall population",EVI+GStr/Ocean/Fall,CK-027,CK-27,Chinook,4,Special Concern,2020,y,SOUTH COAST,Chinook,43,Georgia Strait Fall (large hatchery operations),CK::East Vancouver Island-Qualicum and Puntledge-fall timing,GEORGIA STRAIT CHINOOK SALMON
326,Southern Mainland-Southern Fjords_FA_0.x,SC+SFj,326,CK22,"South Coast - Southern Fjords, Ocean, Fall population",SC+SFj/Ocean/Fall,CK-028,CK-28,Chinook,4,Data Deficient,2020,y,SOUTH COAST,Chinook,41,Johnstone Strait Area (including mainland inlets),CK::South Coast-southern fjords,JOHNSTONE STRAIT/MAINLAND INLET CHINOOK SALMON
327,East Vancouver Island-North_FA_0.x,NEVI,327,CK23,"East Vancouver Island - North, Ocean, Fall (EVI + SFj) population",EVI+SFj/Ocean/Fall,CK-029,CK-29,Chinook,4,Not at risk,2020,y,SOUTH COAST,Chinook,41,Johnstone Strait Area (including mainland inlets),CK::Northeast Vancouver Island,JOHNSTONE STRAIT/MAINLAND INLET CHINOOK SALMON
328,West Vancouver Island-South_FA_0.x,SWVI,328,CK24,"West Vancouver Island, Ocean, Fall (South) population",WVI/Ocean/Fall (South),CK-031,CK-31,Chinook,4,Threatened,2020,y,SOUTH COAST,Chinook,40,WCVI ? Wild,CK::Southwest Vancouver Island,WCVI CHINOOK SALMON
NA,Port San Juan,PSJ,328,CK24,"West Vancouver Island, Ocean, Fall (South) population",WVI/Ocean/Fall (South),CK-030,CK-30,Chinook,NA,Threatened,2020,y,NA,NA,NA,NA,NA,NA
329,West Vancouver Island-Nootka and Kyuquot_FA_0.x,NoKy,329,CK25,"West Vancouver Island, Ocean, Fall (Nootka & Kyuquot) population",WVI/Ocean/Fall (Nootka & Kyuquot),CK-032,CK-32,Chinook,4,Threatened,2020,y,SOUTH COAST,Chinook,40,WCVI ? Wild,CK::Nootka and Kyuquot,WCVI CHINOOK SALMON
330,West Vancouver Island-North_FA_0.x,NWVI,330,CK26,"West Vancouver Island - North, Ocean, Fall (WVI + WQCI) population",WVI+WHG/Ocean/Fall,CK-033,CK-33,Chinook,4,Data Deficient,2020,y,SOUTH COAST,Chinook,40,WCVI ? Wild,CK::Northwest Vancouver Island,WCVI CHINOOK SALMON
331,Homathko_SU_x.x,HOMATH,331,CK27,Southern Mainland Ocean Summer,HK+SFj/Ocean/Summer,CK-034,CK-34,Chinook,5,Data Deficient,2018,y,SOUTH COAST,Chinook,41,Johnstone Strait Area (including mainland inlets),CK::Homathko,JOHNSTONE STRAIT/MAINLAND INLET CHINOOK SALMON
332,Klinaklini_SU_1.3,KLINA,332,CK28,Southern Mainland Stream Summer,HK+SFj/Stream/Summer,CK-035,CK-35,Chinook,5,Data Deficient,2018,y,SOUTH COAST,Chinook,41,Johnstone Strait Area (including mainland inlets),CK::Klinaklini,JOHNSTONE STRAIT/MAINLAND INLET CHINOOK SALMON
333,Upper Adams River_SU_x.x,UAdams-summer,333,CK29,"Upper Adams, Stream, Summer",STh+GStr/Stream/Summer,CK-082,CK-82,Chinook,5,NA,NA,y,FRASER,Chinook,99,Fraser River Summer Run 41,CK::Upper Adams River_su_1.x,FRASER SUMMER RUN 41 CHINOOK SALMON
304,Lower Fraser River_SP_1.3,LFR-spring,304,CK3,"Lower Fraser, Stream, Spring population (Birkenhead)",LFR+GStr/Stream/Spring,CK-004,CK-4,Chinook,5,Special Concern,2018,y,FRASER,Chinook,97,Fraser River Spring Run 52,CK::Lower Fraser River-spring timing,FRASER SPRING RUN 52 CHINOOK SALMON
805,Haida Gwaii-North,NA,805,CK30,"Haida Gwaii-North Ocean/Stream, Summer",HGN,CN_43,CK-43,Chinook,6,NA,NA,y,NORTH COAST,Chinook,49,Haida Gwaii,CK::Haida Gwaii-North,HAIDA GWAIICHINOOK SALMON
806,Haida Gwaii-East,NA,806,CK31,"Haida Gwaii-East Ocean, Fall",HGE,CN_44,CK-44,Chinook,6,NA,NA,y,NORTH COAST,Chinook,49,Haida Gwaii,CK::Haida Gwaii-East,HAIDA GWAIICHINOOK SALMON
509,Docee,NA,509,CK32,"Smith Inlet, Ocean, Summer",SMITH,CN_36,CK-36,Chinook,4,NA,NA,y,NORTH COAST,Chinook,46,Areas 9 and 10,CK::Docee,CENTRAL COAST CHINOOK SALMON
510,Rivers Inlet,NA,510,CK33,"Rivers Inlet, Stream, Summer",RIVERS,CN_37,CK-37,Chinook,5,NA,NA,y,NORTH COAST,Chinook,46,Areas 9 and 10,CK::Rivers Inlet,CENTRAL COAST CHINOOK SALMON
511,Wannock,NA,511,CK34,Wannock,WANN,CN_38,CK-38,Chinook,5,NA,NA,y,NORTH COAST,Chinook,46,Areas 9 and 10,CK::Wannock,CENTRAL COAST CHINOOK SALMON
512,Bella Coola-Bentinck,NA,512,CK35,"Bella Coola-Bentinck, Ocean, Summer",BCR-BENT,CN_39,CK-39,Chinook,5,NA,NA,y,NORTH COAST,Chinook,45,Areas 7 and 8,CK::Bella Coola-Bentinck,CENTRAL COAST CHINOOK SALMON
513,Dean River,NA,513,CK36,"Dean River, Stream, Summer",DEAN,CN_40,CK-40,Chinook,5,NA,NA,y,NORTH COAST,Chinook,45,Areas 7 and 8,CK::Dean River,CENTRAL COAST CHINOOK SALMON
514,NCC-late timing,NA,514,CK37,"North & Central Coast Late, Ocean/Stream, Summer",NCC Late,CN_41,CK-41,Chinook,5,NA,NA,y,NORTH COAST,Chinook,47,Coastal Areas 3 to 6,CK::North and Central Coast-late timing,CENTRAL COAST CHINOOK SALMON
515,NCC-early timing,NA,515,CK38,"North & Central Coast Early, Ocean, Spring",NCC early,CN_42,CK-42,Chinook,5,NA,NA,y,NORTH COAST,Chinook,47,Coastal Areas 3 to 6,CK::North and Central Coast-early timing,CENTRAL COAST CHINOOK SALMON
NA,NA,NA,NA,CK39,"HecLow, Ocean/Stream, Summer",HecLow,NA,NA,Chinook,NA,NA,NA,y,NA,NA,NA,NA,NA,NA
305,Lower Fraser River-Upper Pitt_SU_1.3,LFR-UPITT,305,CK4,"Lower Fraser, Stream, Summer (Upper Pitt) population",LFR+GStr/Stream/Summer(Upper Pitt),CK-005,CK-5,Chinook,5,Endangered,2018,y,FRASER,Chinook,97,Fraser River Spring Run 52,CK::Lower Fraser River-Upper Pitt,FRASER SPRING RUN 52 CHINOOK SALMON
224,Skeena Estuary-CK,NA,224,CK40,Skeena Estuary,SKEst,NA,CK-45,Chinook,6,NA,NA,y,NORTH COAST,Chinook,47,Coastal Areas 3 to 6,CK::Skeena Estuary,CENTRAL COAST CHINOOK SALMON
205,Ecstall,NA,205,CK41,Ecstall Ocean Summer,ECST,CN_46,CK-46,Chinook,6,NA,NA,y,NORTH COAST,Chinook,50,Skeena,CK::Ecstall,SKEENA CHINOOK SALMON
210,Lower Skeena-CK,NA,100,CK42,Lower Skeena Stream Summer,LSK,CN_48,CK-48,Chinook,6,NA,NA,y,NORTH COAST,Chinook,50,Skeena,CK::Lower Skeena,SKEENA CHINOOK SALMON
227,Lakelse-CK,NA,100,CK42,Lower Skeena Stream Summer,LSK,NA,CK-51,Chinook,6,NA,NA,y,NORTH COAST,Chinook,50,Skeena,CK::Lakelse,SKEENA CHINOOK SALMON
229,Zymoetz,NA,100,CK42,Lower Skeena Stream Summer,LSK,NA,CK-80,Chinook,6,NA,NA,y,NORTH COAST,Chinook,50,Skeena,CK::Zymoetz,SKEENA CHINOOK SALMON
206,Kalum-early timing,NA,206,CK43,Kalum - Early Timing Stream Spring,KALUM-E,CN_49,CK-49,Chinook,6,NA,NA,y,NORTH COAST,Chinook,50,Skeena,CK::Kalum-early timing,SKEENA CHINOOK SALMON
207,Kalum-late timing,NA,207,CK44,Kalum - Late Timing Stream Summer,KALUM-L,CN_50,CK-50,Chinook,6,NA,NA,y,NORTH COAST,Chinook,50,Skeena,CK::Kalum-late timing,SKEENA CHINOOK SALMON
221,Upper Bulkley River,NA,221,CK45,Bulkley River Stream Spring,NA,CN_55,CK-55,Chinook,6,NA,NA,y,NORTH COAST,Chinook,50,Skeena,CK::Upper Bulkley River,SKEENA CHINOOK SALMON
222,Middle Skeena-large lakes,NA,222,CK46,Middle Skeena - Lakes Stream Summer,MSK-LKS,CN_53,CK-53,Chinook,6,NA,NA,y,NORTH COAST,Chinook,50,Skeena,CK::Middle Skeena-large lakes,SKEENA CHINOOK SALMON
217,Middle Skeena-mainstem tributaries,NA,217,CK47,Middle Skeena - M/S Tributary Stream Summer,MSK-M/S,CN_54,CK-54,Chinook,6,NA,NA,y,NORTH COAST,Chinook,50,Skeena,CK::Middle Skeena-mainstem tributaries,SKEENA CHINOOK SALMON
212,Upper Skeena-CK,NA,103,CK48,Upper Skeena River Stream Spring,USK,NA,CK-56,Chinook,6,NA,NA,y,NORTH COAST,Chinook,50,Skeena,CK::Upper Skeena,SKEENA CHINOOK SALMON
241,Sicintine,NA,103,CK48,Upper Skeena River Stream Spring,NA,NA,CK-81,Chinook,6,NA,NA,y,NORTH COAST,Chinook,50,Skeena,CK::Sicintine,SKEENA CHINOOK SALMON
401,Portland Sound-Observatory Inlet-Lower Nass,NA,401,CK49,Lower Nass River Stream Summer,LNR-P,CN_57,CK-57,Chinook,5,NA,NA,y,NORTH COAST,Chinook,47,Coastal Areas 3 to 6,CK::Portland Sound-Observatory Inlet-Lower Nass,CENTRAL COAST CHINOOK SALMON
306,Lower Fraser River_SU_1.3,LFR-summer,306,CK5,"Lower Fraser, Stream, Summer (Lillooet) population",LFR+GStr/Stream/Summer,CK-006,CK-6,Chinook,5,Threatened,2018,y,FRASER,Chinook,98,Fraser River Summer Run 52,CK::Lower Fraser River-summer timing,FRASER SUMMER RUN 52 CHINOOK SALMON
402,Upper Nass,NA,402,CK50,Upper Nass River Stream Summer,UNR,CN_58,CK-58,Chinook,5,NA,NA,y,NORTH COAST,Chinook,48,Nass,CK::Upper Nass,NASS CHINOOK SALMON
1012,UNUK RIVER,UNUK,1012,CK51,"Unuk River, Stream Summer",UNUK,NA,CK-59,Chinook,NA,NA,NA,y,TRANS,NA,NA,NA,NA,NA
1010,STIKINE-EARLY TIMING,LSTK-early,1010,CK52,Stikine - early timing Stream Summer,LSTK-E,NA,CK-60,Chinook,NA,NA,NA,y,TRANS,Chinook,52,Stikine,CK::Stikine-early timing,STIKINE CHINOOK SALMON
1011,STIKINE-LATE TIMING,LSTK-late,1011,CK53,Stikine - late Stream Summer timing,LSTK-L,NA,CK-61,Chinook,NA,NA,NA,y,TRANS,Chinook,52,Stikine,CK::Stikine-late timing,STIKINE CHINOOK SALMON
1009,WHITING RIVER,WHITING,1009,CK54,"Whiting River, Stream Summer",WHITING,NA,CK-62,Chinook,NA,NA,NA,y,TRANS,NA,NA,NA,NA,NA
1006,TAKU-EARLY TIMING,Taku-early,1006,CK55,Taku - early Stream Summer,TAKU-E,NA,CK-63,Chinook,NA,NA,NA,y,TRANS,Chinook,53,Taku,CK::Taku-early timing,TAKU CHINOOK SALMON
1007,TAKU-MID TIMING,Taku-mid,1007,CK56,Taku - mid Stream Summer,TAKU-M,NA,CK-64,Chinook,NA,NA,NA,y,TRANS,Chinook,53,Taku,CK::Taku-mid timing,TAKU CHINOOK SALMON
1008,TAKU-LATE TIMING,Taku-late,1008,CK57,Taku - late Stream Summer,TAKU-L,NA,CK-65,Chinook,NA,NA,NA,y,TRANS,Chinook,53,Taku,CK::Taku-late timing,TAKU CHINOOK SALMON
1005,LYNN CANAL,LYNN,1005,CK58,Chilkat Stream Spring,LYNN,NA,CK-66,Chinook,NA,NA,NA,y,TRANS,NA,NA,NA,NA,NA
1004,ALSEK,ALSEK,1004,CK59,Alsek Stream Summer,ALSEK,NA,CK-67,Chinook,NA,NA,NA,y,TRANS,Chinook,51,Alsek,CK::Alsek,ALSEK CHINOOK SALMON
307,Maria Slough_SU_0.3,Maria,307,CK6,"Lower Fraser, Ocean, Summer (Maria Slough) population",LFR+GStr/Ocean/Summer,CK-007,CK-7,Chinook,4,Endangered,2020,y,FRASER,Chinook,99,Fraser River Summer Run 41,CK::Maria Slough,FRASER SUMMER RUN 41 CHINOOK SALMON
1212,Yukon River-Teslin headwaters,Teslin,1221,CK60,Yukon - Teslin Headwaters Stream Summer,YUK-TESLIN,NA,CK-68,Chinook,NA,NA,NA,"from DU report ""CU68 and CU69 could not be separated for ES.",YUKON,Chinook,54,Yukon,CK::Yukon River-Teslin headwaters,YUKON CHINOOK SALMON
1211,Upper Yukon River,UpperYR,1221,CK60,Yukon - Teslin Headwaters Stream Summer,YUK-TESLIN,NA,CK-69,Chinook,NA,NA,NA,"from DU report ""CU68 and CU69 could not be separated for ES.",YUKON,Chinook,54,Yukon,CK::Upper Yukon River,YUKON CHINOOK SALMON
1201,Big Salmon,BigSal,1201,CK61,Big Salmon River Stream Summer,BSALR,NA,CK-70,Chinook,NA,NA,NA,y,YUKON,Chinook,54,Yukon,CK::Big Salmon,YUKON CHINOOK SALMON
1202,Nordenskiold,Norden,1202,CK62,Nordenskiold Stream Summer,NORDEN,NA,CK-71,Chinook,NA,NA,NA,y,YUKON,Chinook,54,Yukon,CK::Nordenskiold,YUKON CHINOOK SALMON
1204,Middle Yukon River and tributaries,MidYR,1204,CK63,Mid-Yukon River and Trib Stream Summer,MidYR,NA,CK-73,Chinook,NA,NA,NA,y,YUKON,Chinook,54,Yukon,CK::Middle Yukon River and tributaries,YUKON CHINOOK SALMON
1205,Stewart,Stew,1223,CK64,Pelly River Stream Summer,PELLY,NA,CK-74,Chinook,NA,NA,NA,y,YUKON,Chinook,54,Yukon,CK::Stewart,YUKON CHINOOK SALMON
1203,Pelly,Pelly,1223,CK64,Pelly River Stream Summer,PELLY,NA,CK-72,Chinook,NA,NA,NA,y,YUKON,Chinook,54,Yukon,CK::Pelly,YUKON CHINOOK SALMON
1206,White and tributaries,White,1206,CK65,White River and Trib Stream Summer,WHITE,NA,CK-75,Chinook,NA,NA,NA,y,YUKON,Chinook,54,Yukon,CK::White and tributaries,YUKON CHINOOK SALMON
1207,Northern Yukon River and tributaries,NYR,1207,CK66,N Yukon River and Trib Stream Summer,NYR,NA,CK-76,Chinook,NA,NA,NA,y,YUKON,Chinook,54,Yukon,CK::Northern Yukon River and tributaries,YUKON CHINOOK SALMON
1209,Porcupine,Porcu,1209,CK67,Porcupine River Stream Summer,PORCR,NA,CK-78,Chinook,NA,NA,NA,y,YUKON,Chinook,54,Yukon,CK::Porcupine,YUKON CHINOOK SALMON
1210,Old Crow,OldC,1210,CK68,Old Crow River Stream Summer,OCROW,NA,CK-79,Chinook,NA,NA,NA,y,YUKON,Chinook,54,Yukon,CK::Old Crow,YUKON CHINOOK SALMON
301,Okanagan,OK,301,CK69,"Okanagan River, Ocean, Fall",OK+ORWA/Ocean/Fall,CK-001,CK-1,Chinook,NA,Endangered,2017,y,COLUMBIA,Chinook,101,Okanagan,CK::Okanagan,OKANAGAN CHINOOK SALMON
308,Middle Fraser-Fraser Canyon_SP_1.3,NAHAT,308,CK7,"Middle Fraser, Stream, Spring (FR Canyon) population",FRCanyGStr/Stream/Spring,CK-008,CK-8,Chinook,5,Endangered,2018,y,FRASER,Chinook,97,Fraser River Spring Run 52,CK::Fraser Canyon-Nahatlatch,FRASER SPRING RUN 52 CHINOOK SALMON
309,Middle Fraser River-Portage_FA_1.3,Portage,309,CK8,"Middle Fraser, Stream, Fall (Portage) population",MFR+GStr/Stream/Fall,CK-009,CK-9,Chinook,5,Endangered,2018,y,FRASER,Chinook,98,Fraser River Summer Run 52,CK::Middle Fraser River-Portage,FRASER SUMMER RUN 52 CHINOOK SALMON
310,Middle Fraser River_SP_1.3,MFR-spring,310,CK9,"Middle Fraser, Stream, Spring (MFR+GStr) population",MFR+GStr/Stream/Spring,CK-010,CK-10,Chinook,5,Threatened,2018,y,FRASER,Chinook,97,Fraser River Spring Run 52,CK::Middle Fraser River-spring timing,FRASER SPRING RUN 52 CHINOOK SALMON
701,Lower Fraser,NA,701,CM01,Lower Fraser,NA,CM-002,CM-2,Chum,4,NA,NA,y,FRASER,Chum,83,Fraser River,CM::Lower Fraser,FRASER CHUM SALMON
904,Georgia Strait,NA,980,CM02,Georgia Strait Mainland,NA,CM-004,CM-4,Chum,4,NA,NA,y,SOUTH COAST,Chum,86,Georgia Strait,CM::Georgia Strait,INNER SOUTH COAST CHUM SALMON
905,Howe Sound-Burrand Inlet,NA,905,CM03,Howe Sound-Burrand Inlet,NA,CM-003,CM-3,Chum,4,NA,NA,y,SOUTH COAST,Chum,86,Georgia Strait,CM::Howe Sound-Burrard Inlet,INNER SOUTH COAST CHUM SALMON
904,Georgia Strait,NA,981,CM04,E Vancouver Is - Georgia Strait,NA,CM-004,CM-4,Chum,4,NA,NA,y,SOUTH COAST,Chum,86,Georgia Strait,CM::Georgia Strait,INNER SOUTH COAST CHUM SALMON
900,Southern Coastal Streams,NA,900,CM05,South Coastal Streams - Queen Charlotte Strait - Johntsone Strait - Southern Fjords,NA,CM-008,CM-8,Chum,4,NA,NA,y,SOUTH COAST,Chum,85,Johnstone Strait Area and Mainland Inlets (Areas 11 to 13),CM::Southern Coastal Streams,INNER SOUTH COAST CHUM SALMON
902,Loughborough,NA,902,CM06,Loughborough Inlet,NA,CM-006,CM-6,Chum,4,NA,NA,y,SOUTH COAST,Chum,85,Johnstone Strait Area and Mainland Inlets (Areas 11 to 13),CM::Loughborough,INNER SOUTH COAST CHUM SALMON
901,Bute Inlet,NA,901,CM07,Bute Inlet,NA,CM-007,CM-7,Chum,4,NA,NA,y,SOUTH COAST,Chum,85,Johnstone Strait Area and Mainland Inlets (Areas 11 to 13),CM::Bute Inlet,INNER SOUTH COAST CHUM SALMON
979,Upper Knight,NA,979,CM08,Upper Knight Inlet,NA,CM-009,CM-9,Chum,4,NA,NA,y,SOUTH COAST,Chum,85,Johnstone Strait Area and Mainland Inlets (Areas 11 to 13),CM::Upper Knight,INNER SOUTH COAST CHUM SALMON
903,Northeast Vancouver Island,NA,903,CM09,E Vancouver Is - Johnstone Strait - Southern Fjords,NA,CM-005,CM-5,Chum,4,NA,NA,y,SOUTH COAST,Chum,85,Johnstone Strait Area and Mainland Inlets (Areas 11 to 13),CM::Northeast Vancouver Island,INNER SOUTH COAST CHUM SALMON
904,Georgia Strait,NA,982,CM10,West Vancouver Island,NA,CM-004,CM-4,Chum,4,NA,NA,y,SOUTH COAST,Chum,86,Georgia Strait,CM::Georgia Strait,INNER SOUTH COAST CHUM SALMON
978,Southwest & West  Vancouver Island,NA,982,CM10,West Vancouver Island,NA,CM-010,CM-10,Chum,4,NA,NA,y,SOUTH COAST,Chum,84,WCVI,CM::Southwest Vancouver Island,WCVI CHUM SALMON
977,Northwest Vancouver Island,NA,977,CM11,Northwest Vancouver Island,NA,CM-011,CM-11,Chum,4,NA,NA,y,SOUTH COAST,Chum,84,WCVI,CM::Northwest Vancouver Island,WCVI CHUM SALMON
804,Skidegate,NA,829,CM12,Haida Gwaii - West,NA,CM_22,CM-22,Chum,5,NA,NA,y,NORTH COAST,Chum,88,Haida Gwaii,CM::Skidegate,HAIDA GWAII CHUM SALMON
803,West Haida Gwaii,NA,829,CM12,Haida Gwaii - West,NA,CM_23,CM-23,Chum,5,NA,NA,y,NORTH COAST,Chum,88,Haida Gwaii,CM::West Haida Gwaii,HAIDA GWAII CHUM SALMON
802,North Haida Gwaii,NA,802,CM13,Haida Gwaii - Noth,NA,CM_24,CM-24,Chum,5,NA,NA,y,NORTH COAST,Chum,88,Haida Gwaii,CM::North Haida Gwaii,HAIDA GWAII CHUM SALMON
800,North Haida Gwaii-Stanley Creek,NA,800,CM14,Stanley Creek,NA,CM_25,CM-25,Chum,5,NA,NA,y,NORTH COAST,Chum,88,Haida Gwaii,CM::North Haida Gwaii-Stanley Creek,HAIDA GWAII CHUM SALMON
801,East HG,NA,831,CM15,Haida Gwaii - East,NA,CM_21,CM-21,Chum,5,NA,NA,y,NORTH COAST,Chum,88,Haida Gwaii,CM::East HG,HAIDA GWAII CHUM SALMON
804,Skidegate,NA,831,CM15,Haida Gwaii - East,NA,CM_22,CM-22,Chum,5,NA,NA,y,NORTH COAST,Chum,88,Haida Gwaii,CM::Skidegate,HAIDA GWAII CHUM SALMON
501,Rivers Inlet,NA,501,CM16,Rivers Inlet,NA,CM_13,CM-13,Chum,4,NA,NA,y,NORTH COAST,Chum,90,Areas 7 to 10,CM::Rivers Inlet,CENTRAL COAST CHUM SALMON
500,Smith Inlet,NA,500,CM17,Smith Inlet,NA,CM_12,CM-12,Chum,4,NA,NA,y,NORTH COAST,Chum,90,Areas 7 to 10,CM::Smith Inlet,CENTRAL COAST CHUM SALMON
502,Wannock,NA,502,CM18,Wannock River,NA,CM_14,CM-14,Chum,4,NA,NA,y,NORTH COAST,Chum,90,Areas 7 to 10,CM::Wannock,CENTRAL COAST CHUM SALMON
504,Bella Colla-Dean Rivers,NA,504,CM19,Bella Coola - Dean Rivers,NA,CM_16,CM-16,Chum,4,NA,NA,y,NORTH COAST,Chum,90,Areas 7 to 10,CM::Bella Coola-Dean Rivers,CENTRAL COAST CHUM SALMON
505,Bella Coola River-Late,NA,505,CM20,Bella Coola River - Late,NA,CM_17,CM-17,Chum,4,NA,NA,y,NORTH COAST,Chum,90,Areas 7 to 10,CM::Bella Coola River-Late,CENTRAL COAST CHUM SALMON
506,Hecate Lowlands,NA,506,CM21,Hecate Strait Mainland,NA,CM_18,CM-18,Chum,4,NA,NA,y,NORTH COAST,Chum,87,Coastal Areas 5 & 6,CM::Hecate Lowlands,CENTRAL COAST CHUM SALMON
503,Spiller-Fitz-Hugh-Burke,NA,503,CM22,Spiller-Fitzhugh-Burke,NA,CM_15,CM-15,Chum,4,NA,NA,y,NORTH COAST,Chum,90,Areas 7 to 10,CM::Spiller-Fitz Hugh-Burke,CENTRAL COAST CHUM SALMON
507,Mussel-Kynock,NA,507,CM23,Mussel-Kynoch,NA,CM_19,CM-19,Chum,4,NA,NA,y,NORTH COAST,Chum,87,Coastal Areas 5 & 6,CM::Mussel-Kynoch,CENTRAL COAST CHUM SALMON
508,Douglas-Gardner,NA,508,CM24,Northern Coastal Streams,NA,CM_20,CM-20,Chum,4,NA,NA,y,NORTH COAST,Chum,87,Coastal Areas 5 & 6,CM::Douglas-Gardner,CENTRAL COAST CHUM SALMON
220,Skeena Estuary-CM,NA,220,CM25,Skeena Estuary,NA,CM_26,CM-26,Chum,NA,NA,NA,y,NA,NA,NA,NA,NA,NA
211,Lower Skeena-CM,NA,211,CM26,Lower Skeena,NA,CM_27,CM-27,Chum,4,NA,NA,y,NORTH COAST,Chum,89,Skeena ? Nass,CM::Lower Skeena,SKEENA-NASS CHUM SALMON
214,Middle Skeena-CM,NA,214,CM27,Middle Skeena,NA,CM_28,CM-28,Chum,NA,NA,NA,y,NORTH COAST,Chum,89,Skeena ? Nass,CM::Middle Skeena,SKEENA-NASS CHUM SALMON
404,Portland Inlet,NA,404,CM28,Portland Canal,NA,CM_30,CM-30,Chum,4,NA,NA,y,NA,NA,NA,NA,NA,NA
405,Lower Nass,NA,405,CM29,Lower Nass River,NA,CM_31,CM-31,Chum,4,NA,NA,y,NORTH COAST,Chum,89,Skeena ? Nass,CM::Lower Nass,SKEENA-NASS CHUM SALMON
406,Portland Canal-Observatory,NA,406,CM30,Portland Canal - Observatory Inlet,NA,CM_32,CM-32,Chum,4,NA,NA,y,NA,NA,NA,NA,NA,NA
1003,UNUK RIVER,UNUK,1003,CM32,Unuk,UNUK,CM-033,CM-33,Chum,NA,NA,NA,y,TRANS,NA,NA,NA,NA,NA
1032,LOWER STIKINE,LStk,1032,CM33,Lower Stikine,LOWER STIKINE,CM-034,CM-34,Chum,NA,NA,NA,y,TRANS,NA,NA,NA,NA,TRANSBOUNDARY CHUM SALMON
1002,WHITING RIVER,WHTNG,1002,CM34,Whiting,WHITING,CM-035,CM-35,Chum,NA,NA,NA,y,TRANS,NA,NA,NA,NA,NA
1001,TAKU,TAKU,1001,CM35,Taku,TAKU,CM-036,CM-36,Chum,NA,NA,NA,y,TRANS,Chum,93,Taku,CM::Taku,TRANSBOUNDARY CHUM SALMON
1000,LYNN CANAL,LYNN,1000,CM36,Chilkat,CHILKAT,CM-037,CM-37,Chum,NA,NA,NA,y,TRANS,NA,NA,NA,NA,NA
NA,NA,NA,NA,CM37,Alsek,ALSEK,NA,NA,Chum,NA,NA,NA,No corresponding CU in provisional info from 2022 DU report,NA,NA,NA,NA,NA,NA
1219,Teslin,TESLIN,1219,CM38,Yukon - Teslin Headwaters,NA,CM-038,CM-38,Chum,NA,NA,NA,y,YUKON,Chum,91,Yukon (mainstem),CM::Teslin,YUKON CHUM SALMON
1213,Middle Yukon,MYR,1213,CM39,Mid-Yukon River and Tributaries,NA,CM-042,CM-42,Chum,NA,NA,NA,y,YUKON,Chum,91,Yukon (mainstem),CM::Middle Yukon River,YUKON CHUM SALMON
1218,Stewart,STEW,1218,CM40,Pelly - Stewart,NA,CM-048,CM-48,Chum,NA,NA,NA,y (VM: these may be revised in latest CU update),YUKON,Chum,91,Yukon (mainstem),CM::Stewart,YUKON CHUM SALMON
1216,Donjek Kluane,Donjek,1225,CM41,White River and Tributaries,NA,CM-045,CM-45,Chum,NA,NA,NA,y (VM: these may be revised in latest CU update),YUKON,Chum,91,Yukon (mainstem),CM::Donjek-Kluane,YUKON CHUM SALMON
1215,White,White,1225,CM41,White River and Tributaries,NA,CM-044,CM-44,Chum,NA,NA,NA,y (VM: these may be revised in latest CU update),YUKON,Chum,91,Yukon (mainstem),CM::White River,YUKON CHUM SALMON
1214,N Yukon River,NYR,1214,CM42,N Yukon River and Tributaries,NA,CM-043,CM-43,Chum,NA,NA,NA,y,YUKON,Chum,91,Yukon (mainstem),CM::North Yukon River,YUKON CHUM SALMON
1217,Porcupine River,Porcu,1217,CM43,Porcupine,NA,CM-046,CM-46,Chum,NA,NA,NA,y,YUKON,Chum,92,Yukon (Porcupine),CM::Porcupine River,PORCUPINE CHUM SALMON
1102,Peel River,PEEL,1102,CM44,Peel River,NA,CM-040,CM-40,Chum,NA,NA,NA,y (VM: PSE Region could be Mackenzie),NA,NA,NA,NA,NA,NA
1101,Lower Liard,LIARD,1101,CM45,Lower Liard,NA,CM-039,CM-39,Chum,NA,NA,NA,y (VM: PSE Region could be Mackenzie),NA,NA,NA,NA,NA,NA
906,Boundary Bay,BB,906,CO01,Boundary Bay,BB,CO-001,CO-1,Coho,3,NA,NA,y,FRASER / SOUTH COAST,Coho,61,Georgia Strait,CO::Boundary Bay,STRAIT OF GEORGIA COHO SALMON
750,Lower Fraser,LFR,750,CO02,Lower Fraser,LFR,CO-047,CO-47,Coho,3,NA,NA,y,FRASER,Coho,57,Lower Fraser,CO::Lower Fraser,LOWER FRASER COHO SALMON
704,Lillooet,LILL,704,CO03,Lillooet,LILL,CO-004,CO-4,Coho,3,NA,NA,y,FRASER,Coho,57,Lower Fraser,CO::Lillooet,LOWER FRASER COHO SALMON
705,Fraser Canyon,FRCany,705,CO04,Fraser Canyon,FRCany,CO-005,CO-5,Coho,3,Threatened,2016,y,FRASER,Coho,102,Interior Fraser,CO::Fraser Canyon,INTERIOR FRASER COHO SALMON
749,Interior Fraser,MFR,749,CO05,Middle Fraser,MFR,CO-048,CO-48,Coho,3,Threatened,2016,y,FRASER,Coho,102,Interior Fraser,CO::Middle Fraser,INTERIOR FRASER COHO SALMON
707,Lower Thompson,LTHOM,707,CO06,Lower Thompson,LTHOM,CO-007,CO-7,Coho,3,Threatened,2016,y,FRASER,Coho,102,Interior Fraser,CO::Lower Thompson,INTERIOR FRASER COHO SALMON
708,South Thompson,STHOM,708,CO07,South Thompson,STHOM,CO-008,CO-8,Coho,3,Threatened,2016,y,FRASER,Coho,102,Interior Fraser,CO::South Thompson,INTERIOR FRASER COHO SALMON
709,North Thompson,NTHOM,709,CO08,North Thompson,NTHOM,CO-009,CO-9,Coho,3,Threatened,2016,y,FRASER,Coho,102,Interior Fraser,CO::North Thompson,INTERIOR FRASER COHO SALMON
908,Georgia Strait Mainland,SC+GStr,908,CO09,Georgia Strait Mainland,SC+GStr,CO-011,CO-11,Coho,3,NA,NA,y,FRASER / SOUTH COAST,Coho,61,Georgia Strait,CO::Georgia Strait Mainland,STRAIT OF GEORGIA COHO SALMON
907,Howe Sound-Burrard Inlet,Howe-Burrard,907,CO10,Howe Sound-Burrard Inlet,Howe-Burrard,CO-010,CO-10,Coho,3,NA,NA,y,FRASER / SOUTH COAST,Coho,61,Georgia Strait,CO::Howe Sound-Burrard Inlet,STRAIT OF GEORGIA COHO SALMON
910,East Vancouver Island-Georgia Strait,EVI+GStr,910,CO11,East Vancouver Island-Georgia Strait,EVI+GStr,CO-013,CO-13,Coho,3,NA,NA,y,FRASER / SOUTH COAST,Coho,61,Georgia Strait,CO::East Vancouver Island-Georgia Strait,STRAIT OF GEORGIA COHO SALMON
909,Southern Coastal Streams-Queen Charlotte Strait-Johnstone Strait-Southern Fjords,SC+SFj,909,CO12,South Coastal Streams-QCStr-JStr-SFjords,SC+SFj,CO-012,CO-12,Coho,3,NA,NA,y,SOUTH COAST,Coho,60,Area 13 ? North,CO::Southern Coastal Streams-Queen Charlotte Strait-Johnstone Strait-Southern Fjords,JOHNSTONE STRAIT/MAINLAND INLET COHO SALMON
916,Homathko-Klinaklini Rivers,HK,916,CO13,Homathko-Klinaklini,HK+SFj,CO-019,CO-19,Coho,3,NA,NA,y,SOUTH COAST,Coho,59,Area 12,CO::Homathko-Klinaklini Rivers,JOHNSTONE STRAIT/MAINLAND INLET COHO SALMON
911,East Vancouver Island-Johnstone Strait-Southern Fjords,EVI+SFj,911,CO14,E Vancouver Is ? Johnstone Strait-SFjords,EVI+SFj,CO-014,CO-14,Coho,3,NA,NA,y,SOUTH COAST,Coho,60,Area 13 ? North,CO::East Vancouver Island-Johnstone Strait-Southern Fjords,JOHNSTONE STRAIT/MAINLAND INLET COHO SALMON
915,Clayoquot,CLAY,984,CO15,West Vancouver Island,WVI,CO-018,CO-18,Coho,3,NA,NA,y,SOUTH COAST,Coho,58,WCVI,CO::Clayoquot,WCVI COHO SALMON
914,West Vancouver Island,WVI,984,CO15,West Vancouver Island,WVI,CO-017,CO-17,Coho,3,NA,NA,y,SOUTH COAST,Coho,58,WCVI,CO::West Vancouver Island,WCVI COHO SALMON
913,Juan de Fuca-Pachena,JdF,913,CO16,Juan de Fuca-Pachena,JdF,CO-016,CO-16,Coho,3,NA,NA,y,SOUTH COAST,Coho,58,WCVI,CO::Juan de Fuca-Pachena,WCVI COHO SALMON
912,Nahwitti Lowland,Nahwitti,912,CO17,Northwest Vancouver Island,NWVI,CO-015,CO-15,Coho,3,NA,NA,"alt CU name ""Northwest Vancouver Island""",SOUTH COAST,Coho,59,Area 12,CO::Nahwitti Lowland,JOHNSTONE STRAIT/MAINLAND INLET COHO SALMON
808,HG-WEST,WQCI,808,CO18,Haida Gwaii - West,WHG,CO_24,CO-24,Coho,3,NA,NA,"alt. CU name ""Queen Charlottes | Hecate Strait - Q.C. Sound""",NORTH COAST,Coho,67,Haida Gwaii ? West (Area 2 West),CO::Haida Gwaii-West,HAIDA GWAII COHO SALMON
809,HG-GRAHAM ISLAND LOWLANDS,NQCI,809,CO19,Haida Gwaii - North,NHG,CO_25,CO-25,Coho,3,NA,NA,"alt. CU name ""QCI - Graham Is Lowlands""",NORTH COAST,Coho,66,Haida Gwaii ? North (Area 1),CO::Haida Gwaii-Graham Island Lowlands,HAIDA GWAII COHO SALMON
807,HG-EAST,EQCI,807,CO20,Haida Gwaii - East,EHG,CO_23,CO-23,Coho,3,NA,NA,"alt. CU name ""Queen Charlotte Islands | Outer Graham Island""",NORTH COAST,Coho,65,Haida Gwaii ? East (Area 2 East),CO::Haida Gwaii-East,HAIDA GWAII COHO SALMON
517,Rivers Inlet,Rivers,616,CO21,Rivers-Smith Inlet,RSI,CO_21,CO-21,Coho,3,NA,NA,y,NORTH COAST,Coho,62,Areas 7 to 10,CO::Rivers Inlet,CENTRAL COAST COHO SALMON
516,Smith Inlet,Smith,616,CO21,Rivers-Smith Inlet,RSI,CO_20,CO-20,Coho,3,NA,NA,y,NORTH COAST,Coho,62,Areas 7 to 10,CO::Smith Inlet,CENTRAL COAST COHO SALMON
518,Bella Coola-Dean Rivers,BCD,518,CO22,Bella Coola - Dean Rivers,BCD,CO_22,CO-22,Coho,3,NA,NA,y,NORTH COAST,Coho,62,Areas 7 to 10,CO::Bella Coola-Dean Rivers,CENTRAL COAST COHO SALMON
520,Hecate Strait Mainland,HecLow+HStr,520,CO23,Hecate Strait Mainland,HecLow,CO_27,CO-27,Coho,3,NA,NA,y,NORTH COAST,Coho,63,Areas 5 and 6,CO::Hecate Strait Mainland,CENTRAL COAST COHO SALMON
521,Brim-Wahoo,BRIM,618,CO24,Northern Coastal Streams,NCS,CO_28,CO-28,Coho,3,NA,NA,y,NORTH COAST,Coho,63,Areas 5 and 6,CO::Brim-Wahoo,CENTRAL COAST COHO SALMON
522,Douglas Channel-Kitimat Arm,DOUG,618,CO24,Northern Coastal Streams,NCS,CO_29,CO-29,Coho,3,NA,NA,y,NORTH COAST,Coho,63,Areas 5 and 6,CO::Douglas Channel-Kitimat Arm,CENTRAL COAST COHO SALMON
519,Mussel-Kynoch,MusKyn,618,CO24,Northern Coastal Streams,NCS,CO_26,CO-26,Coho,3,NA,NA,y,NORTH COAST,Coho,63,Areas 5 and 6,CO::Mussel-Kynoch,CENTRAL COAST COHO SALMON
523,N Coastal Streams,NCS,618,CO24,Northern Coastal Streams,NCS,CO_30,CO-30,Coho,3,NA,NA,y,NORTH COAST,Coho,63,Areas 5 and 6,CO::Northern Coastal Streams,CENTRAL COAST COHO SALMON
225,Skeena Estuary-CO,NSKEst,225,CO25,Skeena Estuary,NSKEst,CO_31,CO-31,Coho,3,NA,NA,y,NORTH COAST,Coho,64,Area 5,CO::Skeena Estuary,NASS COHO SALMON
202,Lower Skeena-CO,LSKNA,202,CO26,Lower Skeena,LSK,CO_32,CO-32,Coho,3,NA,NA,y,NORTH COAST,Coho,68,Skeena,CO::Lower Skeena,SKEENA COHO SALMON
215,Middle Skeena-CO,MSKNA,215,CO27,Middle Skeena,MSK,CO_33,CO-33,Coho,3,NA,NA,y,NORTH COAST,Coho,68,Skeena,CO::Middle Skeena,SKEENA COHO SALMON
231,Upper Skeena-CO,USKNA,231,CO28,Upper Skeena,USK,CO_34,CO-34,Coho,3,NA,NA,y,NORTH COAST,Coho,69,Skeena ? High Interior,CO::Upper Skeena,SKEENA COHO SALMON
408,Lower Nass,LNASS,400,CO29,Lower Nass - Portland Canal,LNR-P,CO_35,CO-35,Coho,3,NA,NA,y,NORTH COAST,Coho,64,Area 3,CO::Lower Nass,NASS COHO SALMON
410,Portland Sound-Observatory Inlet-Portland Canal,PORT,400,CO29,Lower Nass - Portland Canal,LNR-P,CO_37,CO-37,Coho,3,NA,NA,y,NORTH COAST,Coho,64,Area 4,CO::Portland Sound-Observatory Inlet-Portland Canal,NASS COHO SALMON
409,Upper Nass,UNASS,409,CO30,Upper Nass,UNR,CO_36,CO-36,Coho,3,NA,NA,y,NORTH COAST,Coho,64,Area 6,CO::Upper Nass,NASS COHO SALMON
1018,UNUK RIVER,UNUK,1018,CO31,Unuk,Unuk,CO_38,CO-38,Coho,3,NA,NA,y,TRANS,,,,,
1017,LOWER STIKINE,LStk,1017,CO32,Lower Stikine,LStk,CO_39,CO-39,Coho,3,NA,NA,y,TRANS,Coho,71,Stikine,CO::Lower Stikine,STIKINE COHO SALMON
1016,WHITING RIVER,Whiting,1016,CO33,Whiting River,Whiting,CO_40,CO-40,Coho,3,NA,NA,y,TRANS,,,,,
1034,TAKU-EARLY TIMING,Taku,1040,CO34,Taku,Taku,CO_41,CO-41,Coho,3,NA,NA,y (VM: early mid and late timing added),TRANS,Coho,72,Taku,CO::Taku-early timing,TAKU COHO SALMON
1015,TAKU-LATE TIMING,Taku,1040,CO34,Taku,Taku,CO_42,CO-42,Coho,3,NA,NA,y (VM: early mid and late timing added),TRANS,Coho,72,Taku,CO::Taku-late timing,TAKU COHO SALMON
1035,TAKU-MID TIMING,Taku,1040,CO34,Taku,Taku,CO_43,CO-43,Coho,3,NA,NA,y (VM: early mid and late timing added),TRANS,Coho,72,Taku,CO::Taku-mid timing,TAKU COHO SALMON
1014,LYNN CANAL,LYNN,1014,CO35,Chilkat,LYNN,CO_44,CO-44,Coho,3,NA,NA,y,TRANS,,,,,
1013,ALSEK RIVER,Alsek,1013,CO36,Alsek,Alsek,CO_45,CO-45,Coho,3,NA,NA,y,TRANS,Coho,70,Alsek,CO::Alsek River,ALSEK COHO SALMON
1220,Porcupine River,PORC,1220,CO37,Porcupine,Yukon,CO_46,CO-46,Coho,3,NA,NA,y,YUKON,Coho,73,Yukon,CO::Porcupine,PORCUPINE COHO SALMON
NA,(P)Hatchery Exclusion-Lower Fraser River,NA,NA,NA,NA,NA,NA,NA,Chinook,NA,NA,NA,only found in SMU look-up file ,FRASER,Chinook,100,Fraser River Fall Run 41,(P)Hatchery Exclusion-Lower Fraser River,FRASER FALL RUN 42 CHINOOK SALMON
NA,"includes production from major hatchery facilities at Conuma, Stamp, and Nitinat rivers",NA,NA,NA,NA,NA,NA,NA,Chinook,NA,NA,NA,only found in SMU look-up file ,SOUTH COAST,Chinook,39,WCVI ? Hatchery,"includes production from major hatchery facilities at Conuma, Stamp, and Nitinat rivers",WCVI CHINOOK SALMON
1208,Salmon Fork,SFork,NA,NA,NA,NA,NA,CK-77,Chinook,NA,NA,NA,No DU specified could potentially be grouped with Porcupine (CK-78),YUKON,Chinook,54,Yukon,CK::Salmon Fork,YUKON CHINOOK SALMON
NA,not yet defined; includes some seapen releases,NA,NA,NA,NA,NA,NA,NA,Pink,NA,NA,NA,only found in SMU look-up file ,SOUTH COAST,Pink,78,Georgia Strait ? West ? Odd & Even,ECVI/MAINLAND PINK SALMON,
921,East Howe Sound-Burrard Inlet,NA,NA,NA,NA,NA,PKO-002,PKO-2,Pink,2,NA,NA,No corresponding DU in provisional info from 2022 DU report,FRASER,Pink,75,Squamish ? Odd only,ECVI/MAINLAND PINK SALMON,
751,Adams and Momich Lakes_Early Summer,NA,761,NA,Adams ES,NA,SEL-09-912,SEL-09-xx,Sockeye-Lake,4,Extinct,2021,Assessed as extinct 2021; Removed from numbering in 2021 COSEWIC SE DU Report because populations are thought to be eliminated; DU numbers repurposed,,,,,,
NA,Francois-First Run-Early Summer timing,NA,NA,NA,NA,NA,NA,NA,Sockeye-Lake,NA,NA,NA,only found in SMU look-up file ,FRASER,Sockeye,5,Early Summer ? Mid and Upper Fraser,SEL::Francois-First Run-Early Summer timing,FRASER SOCKEYE SALMON - EARLY SUMMER
NA,Francois-Second Run-Early Summer timing,NA,NA,NA,NA,NA,NA,NA,Sockeye-Lake,NA,NA,NA,only found in SMU look-up file ,FRASER,Sockeye,5,Early Summer ? Mid and Upper Fraser,SEL::Francois-Second Run-Early Summer timing,FRASER SOCKEYE SALMON - EARLY SUMMER
NA,Indian/Kruger-Early Summer timing,NA,NA,NA,NA,NA,NA,NA,Sockeye-Lake,NA,NA,NA,only found in SMU look-up file ,FRASER,Sockeye,5,Early Summer ? Mid and Upper Fraser,SEL::Indian/Kruger-Early Summer timing,FRASER SOCKEYE SALMON - EARLY SUMMER
NA,Kitwancool,NA,NA,NA,NA,NA,NA,NA,Sockeye-Lake,NA,NA,NA,only found in SMU look-up file ,NORTH COAST,Sockeye,24,Skeena ? Wild,SEL::Kitwancool,SKEENA SOCKEYE SALMON
NA,Osoyoos,NA,NA,NA,NA,NA,NA,NA,Sockeye-Lake,NA,NA,NA,only found in SMU look-up file ,FRASER,Sockeye,1,Okanagan,SEL::Osoyoos,OKANAGAN SOCKEYE SALMON
NA,Sockeye Creek,NA,NA,NA,NA,NA,NA,NA,Sockeye-Lake,NA,NA,NA,only found in SMU look-up file ,NORTH COAST,Sockeye,22,Coastal Areas 3 to 6,SEL::Sockeye Creek,CENTRAL COAST SOCKEYE SALMON
NA,Tuwartz,NA,NA,NA,NA,NA,NA,NA,Sockeye-Lake,NA,NA,NA,only found in SMU look-up file ,NORTH COAST,Sockeye,22,Coastal Areas 3 to 6,SEL::Tuwartz,CENTRAL COAST SOCKEYE SALMON
530,Soda Creek,NA,NA,NA,NA,NA,SX_L-18-10,SEL-18-10,Sockeye-Lake,5,NA,NA,No reference to corresponding DU in 2015 or 2021 COSEWIC SE DU reports; Central Coast region on PSE,,,,,,
204,Babine-Pinkut,NA,NA,NA,NA,NA,NA,NA,Sockeye-Lake,5,NA,NA,No reference to corresponding DU in 2015 or 2021 COSEWIC SE DU reports; Not displayed on PSE under this name,,,,,,
186,Nilkitkwa,NA,NA,NA,NA,NA,SX_L-21-02-LW,SEL-21-02-LW,Sockeye-Lake,5,NA,NA,No reference to corresponding DU in 2015 or 2021 COSEWIC SE DU reports; Skeena region; Data on PSE,NORTH COAST,Sockeye,24,Skeena ? Wild,SEL::Nilkitkwa,SKEENA SOCKEYE SALMON
188,Swan,NA,NA,NA,NA,NA,SX_L-21-10,SEL-21-10,Sockeye-Lake,5,NA,NA,No reference to corresponding DU in 2015 or 2021 COSEWIC SE DU reports; Skeena region; displayed on PSE as Swan/Club,NORTH COAST,Sockeye,24,Skeena ? Wild,SEL::Swan,SKEENA SOCKEYE SALMON
182,Club Lake,NA,NA,NA,NA,NA,NA,NA,Sockeye-Lake,5,NA,NA,No reference to corresponding DU in 2015 or 2021 COSEWIC SE DU reports; Skeena region; displayed on PSE as Swan/Club,,,,,,
751,Adams and Momich Lakes_Early Summer,NA,762,NA,Momich-ES,NA,SEL-09-912,SEL-09-xx,Sockeye-Lake,4,Endangered,2021,Removed from numbering in 2021 COSEWIC SE DU Report because populations are thought to be eliminated; DU numbers repurposed,,,,,,
917,Georgia Strait,NA,986,PE01,Georgia Strait Mainland,NA,PKE-001,PKE-1,Pink,2,NA,NA,y,SOUTH COAST,Pink,79,Georgia Strait ? East ? Odd & Even,ECVI/MAINLAND PINK SALMON,
917,Georgia Strait,NA,986,PE01,Georgia Strait Mainland,NA,PKE-001,PKE-1,Pink,2,NA,NA,y,SOUTH COAST,Pink,79,Georgia Strait ? East ? Odd & Even,ECVI/MAINLAND PINK SALMON,
917,Georgia Strait,NA,987,PE02,E Vancouver Is - Georgia Strait,NA,PKE-001,PKE-1,Pink,2,NA,NA,y,SOUTH COAST,Pink,79,Georgia Strait ? East ? Odd & Even,ECVI/MAINLAND PINK SALMON,
917,Georgia Strait,NA,987,PE02,E Vancouver Is - Georgia Strait,NA,PKE-001,PKE-1,Pink,2,NA,NA,y,SOUTH COAST,Pink,79,Georgia Strait ? East ? Odd & Even,ECVI/MAINLAND PINK SALMON,
920,Southern Fjords,NA,988,PE03,South Coastal Streams - Queen Charlotte Strait - Johnstone Strait - Southern Fjords,NA,PKE-004,PKE-4,Pink,2,NA,NA,y,SOUTH COAST,Pink,77,Areas 11 to 13 ? Odd & Even,ECVI/MAINLAND PINK SALMON,
920,Southern Fjords,NA,988,PE03,South Coastal Streams - Queen Charlotte Strait - Johnstone Strait - Southern Fjords,NA,PKE-004,PKE-4,Pink,2,NA,NA,y,SOUTH COAST,Pink,77,Areas 11 to 13 ? Odd & Even,ECVI/MAINLAND PINK SALMON,
920,Southern Fjords,NA,989,PE04,Homathko - Klinaklini,NA,PKE-004,PKE-4,Pink,2,NA,NA,y,SOUTH COAST,Pink,77,Areas 11 to 13 ? Odd & Even,ECVI/MAINLAND PINK SALMON,
920,Southern Fjords,NA,989,PE04,Homathko - Klinaklini,NA,PKE-004,PKE-4,Pink,2,NA,NA,y,SOUTH COAST,Pink,77,Areas 11 to 13 ? Odd & Even,ECVI/MAINLAND PINK SALMON,
920,Southern Fjords,NA,990,PE05,E Vancouver Is - Johnstone Strait - Southern Fjords,NA,PKE-004,PKE-4,Pink,2,NA,NA,y,SOUTH COAST,Pink,77,Areas 11 to 13 ? Odd & Even,ECVI/MAINLAND PINK SALMON,
920,Southern Fjords,NA,990,PE05,E Vancouver Is - Johnstone Strait - Southern Fjords,NA,PKE-004,PKE-4,Pink,2,NA,NA,y,SOUTH COAST,Pink,77,Areas 11 to 13 ? Odd & Even,ECVI/MAINLAND PINK SALMON,
918,West Vancouver Island,NA,918,PE06,West Vancouver Island,NA,PKE-002,PKE-2,Pink,2,NA,NA,y,SOUTH COAST,Pink,76,WCVI ? Odd & Even,WCVI PINK SALMON,
919,Northwest Vancouver Island,NA,919,PE07,Northwest Vancouver Island,NA,PKE-003,PKE-3,Pink,2,NA,NA,y,SOUTH COAST,Pink,76,WCVI ? Odd & Even,WCVI PINK SALMON,
812,West Haida Gwaii,NA,812,PE08,Haida Gwaii - West,NA,PKe_11,PKE-11,Pink,2,NA,NA,y,NORTH COAST,Pink,82,Haida Gwaii ? Odd & Even,HAIDA GWAII PINK SALMON,
812,West Haida Gwaii,NA,812,PE08,Haida Gwaii - West,NA,PKe_11,PKE-11,Pink,2,NA,NA,y,NORTH COAST,Pink,82,Haida Gwaii ? Odd & Even,HAIDA GWAII PINK SALMON,
810,North Haida Gwaii,NA,810,PE09,Haida Gwaii - North,NA,PKe_9,PKE-09,Pink,2,NA,NA,y,NORTH COAST,Pink,82,Haida Gwaii ? Odd & Even,HAIDA GWAII PINK SALMON,
810,North Haida Gwaii,NA,810,PE09,Haida Gwaii - North,NA,PKe_9,PKE-09,Pink,2,NA,NA,y,NORTH COAST,Pink,82,Haida Gwaii ? Odd & Even,HAIDA GWAII PINK SALMON,
811,East Haida Gwaii,NA,811,PE10,Haida Gwaii - East,NA,PKe_10,PKE-10,Pink,2,NA,NA,y,NORTH COAST,Pink,82,Haida Gwaii ? Odd & Even,HAIDA GWAII PINK SALMON,
811,East Haida Gwaii,NA,811,PE10,Haida Gwaii - East,NA,PKe_10,PKE-10,Pink,2,NA,NA,y,NORTH COAST,Pink,82,Haida Gwaii ? Odd & Even,HAIDA GWAII PINK SALMON,
608,Hecate Lowlands,NA,622,PE11,Rivers - Smith Inlets,NA,PKe_5,PKE-05,Pink,2,NA,NA,y,NORTH COAST,Pink,80,Areas 7 to 10 ? Odd & Even,CENTRAL COST PINK SALMON,
608,Hecate Lowlands,NA,622,PE11,Rivers - Smith Inlets,NA,PKe_5,PKE-05,Pink,2,NA,NA,y,NORTH COAST,Pink,81,North Coast Areas 3 to 6 ? Odd & Even,SKEENA/NASS PINK SALMON,
609,Hecate Strait-Fjords,NA,623,PE12,Bella Coola - Dean Rivers,NA,PKe_6,PKE-06,Pink,2,NA,NA,y,NORTH COAST,Pink,80,Areas 7 to 10 ? Odd & Even,CENTRAL COST PINK SALMON,
609,Hecate Strait-Fjords,NA,623,PE12,Bella Coola - Dean Rivers,NA,PKe_6,PKE-06,Pink,2,NA,NA,y,NORTH COAST,Pink,80,Areas 7 to 10 ? Odd & Even,CENTRAL COST PINK SALMON,
609,Hecate Strait-Fjords,NA,623,PE12,Bella Coola - Dean Rivers,NA,PKe_6,PKE-06,Pink,2,NA,NA,y,NORTH COAST,Pink,81,North Coast Areas 3 to 6 ? Odd & Even,SKEENA/NASS PINK SALMON,
609,Hecate Strait-Fjords,NA,623,PE12,Bella Coola - Dean Rivers,NA,PKe_6,PKE-06,Pink,2,NA,NA,y,NORTH COAST,Pink,81,North Coast Areas 3 to 6 ? Odd & Even,SKEENA/NASS PINK SALMON,
608,Hecate Lowlands,NA,624,PE13,Hecate Strait Mainland,NA,PKe_5,PKE-05,Pink,2,NA,NA,y,NORTH COAST,Pink,80,Areas 7 to 10 ? Odd & Even,CENTRAL COST PINK SALMON,
608,Hecate Lowlands,NA,624,PE13,Hecate Strait Mainland,NA,PKe_5,PKE-05,Pink,2,NA,NA,y,NORTH COAST,Pink,81,North Coast Areas 3 to 6 ? Odd & Even,SKEENA/NASS PINK SALMON,
609,Hecate Strait-Fjords,NA,625,PE14,Northern Coastal Streams,NA,PKe_6,PKE-06,Pink,2,NA,NA,y,NORTH COAST,Pink,80,Areas 7 to 10 ? Odd & Even,CENTRAL COST PINK SALMON,
609,Hecate Strait-Fjords,NA,625,PE14,Northern Coastal Streams,NA,PKe_6,PKE-06,Pink,2,NA,NA,y,NORTH COAST,Pink,80,Areas 7 to 10 ? Odd & Even,CENTRAL COST PINK SALMON,
609,Hecate Strait-Fjords,NA,625,PE14,Northern Coastal Streams,NA,PKe_6,PKE-06,Pink,2,NA,NA,y,NORTH COAST,Pink,81,North Coast Areas 3 to 6 ? Odd & Even,SKEENA/NASS PINK SALMON,
609,Hecate Strait-Fjords,NA,625,PE14,Northern Coastal Streams,NA,PKe_6,PKE-06,Pink,2,NA,NA,y,NORTH COAST,Pink,81,North Coast Areas 3 to 6 ? Odd & Even,SKEENA/NASS PINK SALMON,
219,Nass-Skeena Estuary (even),NA,104,PE15,Skeena Estuary,NA,PKe_7,PKE-07,Pink,2,NA,NA,y,NORTH COAST,Pink,81,North Coast Areas 3 to 6 ? Odd & Even,SKEENA/NASS PINK SALMON,
240,Lower Skeena (even),NA,105,PE16,Lower Skeena,NA,PKE-007,PKE-7,Pink,2,NA,NA,y,NORTH COAST,Pink,80,North Coast Areas 3 to 6 ? Odd & Even,SKEENA/NASS PINK SALMON,
219,Nass-Skeena Estuary (even),NA,105,PE16,Lower Skeena,NA,PKe_7,PKE-07,Pink,2,NA,NA,y,NORTH COAST,Pink,81,North Coast Areas 3 to 6 ? Odd & Even,SKEENA/NASS PINK SALMON,
218,Middle-Upper Skeena (even),NA,107,PE17,Middle Skeena,NA,PKe_8,PKE-08,Pink,2,NA,NA,y,NORTH COAST,Pink,81,North Coast Areas 3 to 6 ? Odd & Even,SKEENA/NASS PINK SALMON,
218,Middle-Upper Skeena (even),NA,108,PE18,Upper Skeena,NA,PKe_8,PKE-08,Pink,2,NA,NA,y,NORTH COAST,Pink,81,North Coast Areas 3 to 6 ? Odd & Even,SKEENA/NASS PINK SALMON,
219,Nass-Skeena Estuary (even),NA,109,PE19,Lower Nass - Portland Canal,NA,PKe_7,PKE-07,Pink,2,NA,NA,y,NORTH COAST,Pink,81,North Coast Areas 3 to 6 ? Odd & Even,SKEENA/NASS PINK SALMON,
415,Upper Nass,NA,415,PE20,Upper Nass,NA,Pke_12,PKE-12,Pink,NA,NA,NA,"Check? No CU index but name matches ""Upper Nass"" odd and even pink Dus",NORTH COAST,Pink,81,North Coast Areas 3 to 6 ? Odd & Even,SKEENA/NASS PINK SALMON,
1019,TRANSBOUNDARY FJORDS,TBFj,1043,PE21,Unuk,UNUK,PKE-013,PKE-13,Pink,NA,NA,NA,y,TRANS,,,,,
1019,TRANSBOUNDARY FJORDS,TBFj,1044,PE22,Lower Stikine,LSTK,PKE-013,PKE-13,Pink,NA,NA,NA,y,TRANS,,,,,
1019,TRANSBOUNDARY FJORDS,TBFj,1045,PE23,Whiting,WHITING,PKE-013,PKE-13,Pink,NA,NA,NA,y,TRANS,,,,,
1019,TRANSBOUNDARY FJORDS,TBFj,1046,PE24,Taku,TAKU,PKE-013,PKE-13,Pink,NA,NA,NA,y,TRANS,,,,,
1019,TRANSBOUNDARY FJORDS,TBFj,1047,PE25,Chilkat,CHILKAT,PKE-013,PKE-13,Pink,NA,NA,NA,y,TRANS,,,,,
NA,NA,NA,NA,PE26,Alsek,ALSEK,NA,NA,Pink,NA,NA,NA,No corresponding CU in provisional info from 2022 DU report,TRANS,,,,,
710,Fraser River,NA,753,PO01,Lower Fraser,NA,PKO-001,PKO-1,Pink,2,NA,NA,y,FRASER,Pink,74,Fraser ? Odd only,FRASER PINK SALMON - ODD,
710,Fraser River,NA,754,PO02,Lillooet,NA,PKO-001,PKO-1,Pink,2,NA,NA,y,FRASER,Pink,74,Fraser ? Odd only,FRASER PINK SALMON - ODD,
710,Fraser River,NA,755,PO03,Fraser Canyon,NA,PKO-001,PKO-1,Pink,2,NA,NA,y,FRASER,Pink,74,Fraser ? Odd only,FRASER PINK SALMON - ODD,
710,Fraser River,NA,756,PO04,Middle Fraser,NA,PKO-001,PKO-1,Pink,2,NA,NA,y,FRASER,Pink,74,Fraser ? Odd only,FRASER PINK SALMON - ODD,
710,Fraser River,NA,757,PO05,Upper Fraser,NA,PKO-001,PKO-1,Pink,2,NA,NA,y,FRASER,Pink,74,Fraser ? Odd only,FRASER PINK SALMON - ODD,
710,Fraser River,NA,758,PO06,Lower Thompson,NA,PKO-001,PKO-1,Pink,2,NA,NA,y,FRASER,Pink,74,Fraser ? Odd only,FRASER PINK SALMON - ODD,
710,Fraser River,NA,759,PO07,South Thompson,NA,PKO-001,PKO-1,Pink,2,NA,NA,y,FRASER,Pink,74,Fraser ? Odd only,FRASER PINK SALMON - ODD,
710,Fraser River,NA,760,PO08,North Thompson,NA,PKO-001,PKO-1,Pink,2,NA,NA,y,FRASER,Pink,74,Fraser ? Odd only,FRASER PINK SALMON - ODD,
922,Georgia Strait,NA,922,PO09,Georgia Strait Mainland,NA,PKO-003,PKO-3,Pink,2,NA,NA,y,SOUTH COAST,Pink,79,Georgia Strait ? East ? Odd & Even,ECVI/MAINLAND PINK SALMON,
922,Georgia Strait,NA,922,PO09,Georgia Strait Mainland,NA,PKO-003,PKO-3,Pink,2,NA,NA,y,SOUTH COAST,Pink,79,Georgia Strait ? East ? Odd & Even,ECVI/MAINLAND PINK SALMON,
923,East Vancouver Island-Johnstone Strait,NA,923,PO10,E Vancouver Is - Georgia Strait,NA,PKO-004,PKO-4,Pink,2,NA,NA,y,SOUTH COAST,Pink,77,Areas 11 to 13 ? Odd & Even,ECVI/MAINLAND PINK SALMON,
926,Southern Fjords,NA,926,PO11,South Coastal Streams - Queen Charlotte Strait - Johntsone Strait - Southern Fjords,NA,PKO-007,PKO-7,Pink,2,NA,NA,y,SOUTH COAST,Pink,77,Areas 11 to 13 ? Odd & Even,ECVI/MAINLAND PINK SALMON,
926,Southern Fjords,NA,926,PO11,South Coastal Streams - Queen Charlotte Strait - Johntsone Strait - Southern Fjords,NA,PKO-007,PKO-7,Pink,2,NA,NA,y,SOUTH COAST,Pink,77,Areas 11 to 13 ? Odd & Even,ECVI/MAINLAND PINK SALMON,
610,Homathko-Klinaklini-Rivers-Smith-Bella Coola Dean,NA,626,PO12,Homathko - Klinaklini,NA,PKo_8,PKO-08,Pink,2,NA,NA,y,NORTH COAST,Pink,80,Areas 7 to 10 ? Odd & Even,CENTRAL COST PINK SALMON,
NA,NA,NA,NA,PO13,E Vancouver Is - Johnstone Strait - Southern Fjords,NA,NA,NA,Pink,NA,NA,NA,No corresponding CU in provisional info from 2022 DU report,,,,,,
925,West Vancouver Island,NA,925,PO14,West Vancouver Island,NA,PKO-006,PKO-6,Pink,2,NA,NA,y,SOUTH COAST,Pink,76,WCVI ? Odd & Even,WCVI PINK SALMON,
924,Nahwitti,NA,924,PO15,Northwest Vancouver Island,NA,PKO-005,PKO-5,Pink,2,NA,NA,y,SOUTH COAST,Pink,77,Areas 11 to 13 ? Odd & Even,ECVI/MAINLAND PINK SALMON,
815,West Haida Gwaii,NA,815,PO16,Haida Gwaii - West,NA,PKo_11,PKO-11,Pink,2,NA,NA,y,NORTH COAST,Pink,82,Haida Gwaii ? Odd & Even,HAIDA GWAII PINK SALMON,
815,West Haida Gwaii,NA,815,PO16,Haida Gwaii - West,NA,PKo_11,PKO-11,Pink,2,NA,NA,y,NORTH COAST,Pink,82,Haida Gwaii ? Odd & Even,HAIDA GWAII PINK SALMON,
814,North Haida Gwaii,NA,814,PO17,Haida Gwaii - North,NA,PKo_10,PKO-10,Pink,2,NA,NA,y,NORTH COAST,Pink,82,Haida Gwaii ? Odd & Even,HAIDA GWAII PINK SALMON,
814,North Haida Gwaii,NA,814,PO17,Haida Gwaii - North,NA,PKo_10,PKO-10,Pink,2,NA,NA,y,NORTH COAST,Pink,82,Haida Gwaii ? Odd & Even,HAIDA GWAII PINK SALMON,
813,East Haida Gwaii,NA,813,PO18,Haida Gwaii - East,NA,PKo_9,PKO-09,Pink,2,NA,NA,y,NORTH COAST,Pink,82,Haida Gwaii ? Odd & Even,HAIDA GWAII PINK SALMON,
813,East Haida Gwaii,NA,813,PO18,Haida Gwaii - East,NA,PKo_9,PKO-09,Pink,2,NA,NA,y,NORTH COAST,Pink,82,Haida Gwaii ? Odd & Even,HAIDA GWAII PINK SALMON,
610,Homathko-Klinaklini-Rivers-Smith-Bella Coola Dean,NA,627,PO19,Rivers-Smith Inlets,NA,PKo_8,PKO-08,Pink,2,NA,NA,y,NORTH COAST,Pink,80,Areas 7 to 10 ? Odd & Even,CENTRAL COST PINK SALMON,
610,Homathko-Klinaklini-Rivers-Smith-Bella Coola Dean,NA,628,PO20,Bella Coola - Dean Rivers,NA,PKo_8,PKO-08,Pink,2,NA,NA,y,NORTH COAST,Pink,80,Areas 7 to 10 ? Odd & Even,CENTRAL COST PINK SALMON,
611,Hecate Strait-Lowlands,NA,611,PO21,Hecate Strait Mainland,NA,PKo_12,PKO-12,Pink,2,NA,NA,y,NORTH COAST,Pink,80,Areas 7 to 10 ? Odd & Even,CENTRAL COST PINK SALMON,
611,Hecate Strait-Lowlands,NA,611,PO21,Hecate Strait Mainland,NA,PKo_12,PKO-12,Pink,2,NA,NA,y,NORTH COAST,Pink,81,North Coast Areas 3 to 6 ? Odd & Even,SKEENA/NASS PINK SALMON,
612,Hecate Strait-Fjords,NA,612,PO22,Northern Coastal Streams,NA,PKo_13,PKO-13,Pink,2,NA,NA,y,NORTH COAST,Pink,80,Areas 7 to 10 ? Odd & Even,CENTRAL COST PINK SALMON,
612,Hecate Strait-Fjords,NA,612,PO22,Northern Coastal Streams,NA,PKo_13,PKO-13,Pink,2,NA,NA,y,NORTH COAST,Pink,80,Areas 7 to 10 ? Odd & Even,CENTRAL COST PINK SALMON,
612,Hecate Strait-Fjords,NA,612,PO22,Northern Coastal Streams,NA,PKo_13,PKO-13,Pink,2,NA,NA,y,NORTH COAST,Pink,81,North Coast Areas 3 to 6 ? Odd & Even,SKEENA/NASS PINK SALMON,
612,Hecate Strait-Fjords,NA,612,PO22,Northern Coastal Streams,NA,PKo_13,PKO-13,Pink,2,NA,NA,y,NORTH COAST,Pink,81,North Coast Areas 3 to 6 ? Odd & Even,SKEENA/NASS PINK SALMON,
223,Nass-Skeena Estuary (odd),NA,223,PO23,Skeena Estuary,NA,PKo_14,PKO-14,Pink,2,NA,NA,y,NORTH COAST,Pink,81,North Coast Areas 3 to 6 ? Odd & Even,SKEENA/NASS PINK SALMON,
209,Lower Skeena (odd),NA,209,PO24,Lower Skeena,NA,PKo_15,PKO-15,Pink,2,NA,NA,y,NORTH COAST,Pink,81,North Coast Areas 3 to 6 ? Odd & Even,SKEENA/NASS PINK SALMON,
213,Middle & Upper Skeena (odd),NA,110,PO25,Middle Skeena,NA,PKo_16,PKO-16,Pink,2,NA,NA,y,NORTH COAST,Pink,81,North Coast Areas 3 to 6 ? Odd & Even,SKEENA/NASS PINK SALMON,
213,Middle & Upper Skeena (odd),NA,111,PO26,Upper Skeena,NA,PKo_16,PKO-16,Pink,2,NA,NA,y,NORTH COAST,Pink,81,North Coast Areas 3 to 6 ? Odd & Even,SKEENA/NASS PINK SALMON,
414,Nass-Portland-Observatory,NA,414,PO27,Lower Nass - Portland Canal,NA,PKo_17,PKO-17,Pink,2,NA,NA,y,NORTH COAST,Pink,81,North Coast Areas 3 to 6 ? Odd & Even,SKEENA/NASS PINK SALMON,
412,Upper Nass,NA,412,PO28,Upper Nass,NA,Pko_18,PKO-18,Pink,NA,NA,NA,"Check? No CU index but name matches ""Upper Nass"" odd and even pink Dus",NORTH COAST,Pink,81,North Coast Areas 3 to 6 ? Odd & Even,SKEENA/NASS PINK SALMON,
1020,TRANSBOUNDARY FJORDS,TBFj,1048,PO29,Unuk,UNUK,PKO-019,PKO-19,Pink,NA,NA,NA,y,TRANS,,,,,
1020,TRANSBOUNDARY FJORDS,TBFj,1049,PO30,Lower Stikine,LSTK,PKO-019,PKO-19,Pink,NA,NA,NA,y,TRANS,,,,,
1020,TRANSBOUNDARY FJORDS,TBFj,1050,PO31,Whitiing,WHITING,PKO-019,PKO-19,Pink,NA,NA,NA,y,TRANS,,,,,
1020,TRANSBOUNDARY FJORDS,TBFj,1051,PO32,Taku,TAKU,PKO-019,PKO-19,Pink,NA,NA,NA,y,TRANS,,,,,
1020,TRANSBOUNDARY FJORDS,TBFj,1052,PO33,Chilkat,CHILKAT,PKO-019,PKO-19,Pink,NA,NA,NA,y,TRANS,,,,,
NA,NA,NA,NA,PO34,Alsek,ALSEK,NA,NA,Pink,NA,NA,NA,No corresponding CU in provisional info from 2022 DU report,TRANS,,,,,
719,Anderson/Seton_Early Summer,NA,719,SE001,Anderson-Seton-ES population,NA,SEL-06-001,SEL-06-01,Sockeye-Lake,4,Not at risk,2021,y,FRASER,Sockeye,5,Early Summer ? Mid and Upper Fraser,SEL::Anderson/Seton-Early Summer timing,FRASER SOCKEYE SALMON - EARLY SUMMER
735,Bowron_Early Summer,NA,735,SE002,Bowron-ES population,NA,SEL-07-001,SEL-07-01,Sockeye-Lake,4,Endangered,2017,y,FRASER,Sockeye,5,Early Summer ? Mid and Upper Fraser,SEL::Bowron-Early Summer timing,FRASER SOCKEYE SALMON - EARLY SUMMER
720,Chilko_Early Summer,NA,720,SE003,Chilko-ES population / Chilko-S population,NA,SEL-06-002,SEL-06-02,Sockeye-Lake,4,Not at risk,2017,y,FRASER,Sockeye,5,Early Summer ? Mid and Upper Fraser,SEL::Chilko-Early Summer timing,FRASER SOCKEYE SALMON - EARLY SUMMER
721,Chilko_Summer,NA,721,SE004,Chilko-ES population / Chilko-S population,NA,SEL-06-003,SEL-06-03,Sockeye-Lake,4,Not at risk,2017,y,FRASER,Sockeye,7,Summer ? Chilko,SEL::Chilko-Summer timing,FRASER SOCKEYE SALMON - SUMMER
711,Chilliwack_Early Summer,NA,711,SE005,Chilliwack-ES population,NA,SEL-03-001,SEL-03-01,Sockeye-Lake,4,Not at risk,2017,y,FRASER,Sockeye,6,Early Summer ? Lower Fraser,SEL::Chilliwack-Early Summer timing,FRASER SOCKEYE SALMON - EARLY SUMMER
712,Cultus_Late,NA,712,SE006,Cultus-L population,NA,SEL-03-002,SEL-03-02,Sockeye-Lake,4,Endangered,2017,y,FRASER,Sockeye,11,Fall ? Cultus,SEL::Cultus-Late timing,FRASER SOCKEYE SALMON - LATE
725,Francois/Fraser_Summer,NA,725,SE007,Francois-Fraser-S population,NA,SEL-06-007,SEL-06-07,Sockeye-Lake,4,Special Concern,2017,y,FRASER,Sockeye,9,Summer ? Nechako,SEL::Francois/Fraser-Summer timing,FRASER SOCKEYE SALMON - SUMMER
727,Nadina/Francois_Early Summer,NA,727,SE008,Nadina-Francois-ES population,NA,SEL-06-020,SEL-06-20,Sockeye-Lake,4,Not at risk,2017,y,FRASER,Sockeye,5,Early Summer ? Mid and Upper Fraser,SEL::Nadina/Francois-Early Summer timing,FRASER SOCKEYE SALMON - EARLY SUMMER
713,Harrison-downstream migrating_Late,NA,713,SE009,Harrison (D/S)-L population,NA,SEL-03-003,SEL-03-03,Sockeye-Lake,4,Special Concern,2017,y,FRASER,Sockeye,15,Fall ? Lower Fraser,SEL::Harrison-downstream migrating-Late timing,FRASER SOCKEYE SALMON - LATE
714,Harrison-upstream migrating_Late,NA,714,SE010,Harrison (U/S)-L population,NA,SEL-03-004,SEL-03-04,Sockeye-Lake,4,Endangered,2017,y,FRASER,Sockeye,15,Fall ? Lower Fraser,SEL::Harrison-upstream migrating-Late timing,FRASER SOCKEYE SALMON - LATE
740,Kamloops_Early Summer,NA,740,SE011,Kamloops-ES population,NA,SEL-10-001,SEL-10-01,Sockeye-Lake,4,Special Concern,2017,y,FRASER,Sockeye,95,Summer ? Raft (new),SEL::Kamloops-Early Summer timing,FRASER SOCKEYE SALMON - SUMMER
716,Lillooet/Harrison_Late,NA,716,SE012,Lillooet-Harrison-L population,NA,SEL-04-001,SEL-04-01,Sockeye-Lake,4,Special Concern,2017,y,FRASER,Sockeye,14,Fall ?Birkenhead,SEL::Lillooet/Harrison-Late timing,FRASER SOCKEYE SALMON - LATE
718,Nahatlatch_Early Summer,NA,718,SE013,Nahatlatch-ES population,NA,SEL-05-002,SEL-05-02,Sockeye-Lake,4,Special Concern,2017,y,FRASER,Sockeye,6,Early Summer ? Lower Fraser,SEL::Nahatlatch-Early Summer timing,FRASER SOCKEYE SALMON - EARLY SUMMER
752,North Barriere_Early Summer,NA,752,SE014,North Barriere-ES population,NA,SEL-10-003,SEL-10-03,Sockeye-Lake,4,Extinct,2021,y,FRASER,Sockeye,3,Early Summer ? North Thompson,SEL::North Barriere-Early Summer timing,FRASER SOCKEYE SALMON - EARLY SUMMER
715,Pitt_Early Summer,NA,715,SE015,Pitt-ES population,NA,SEL-03-005,SEL-03-05,Sockeye-Lake,4,Not at risk,2017,y,FRASER,Sockeye,6,Early Summer ? Lower Fraser,SEL::Pitt-Early Summer timing,FRASER SOCKEYE SALMON - EARLY SUMMER
728,Quesnel_Summer,NA,728,SE016,Quesnel-S population,NA,SEL-06-010,SEL-06-10,Sockeye-Lake,4,Endangered,2017,y,FRASER,Sockeye,10,Summer ? Quesnel,SEL::Quesnel-Summer timing,FRASER SOCKEYE SALMON - SUMMER
729,Seton_Late,NA,729,SE017,Seton-L population,NA,SEL-06-011,SEL-06-11,Sockeye-Lake,4,Endangered,2017,y,FRASER,Sockeye,12,Fall ? Portage,SEL::Seton-Late timing,FRASER SOCKEYE SALMON - LATE
739,Shuswap_Late,NA,739,SE018,Shuswap Complex-L population,NA,SEL-09-003,SEL-09-03,Sockeye-Lake,4,Not at risk,2017,y,FRASER,Sockeye,13,Fall ? South Thompson,SEL::Shuswap Complex-Late timing,FRASER SOCKEYE SALMON - LATE
738,Shuswap_Early Summer,NA,738,SE019,Shuswap-ES population,NA,SEL-09-002,SEL-09-02,Sockeye-Lake,4,Not at risk,2017,y,FRASER,Sockeye,4,Early Summer ? South Thompson,SEL::Shuswap-Early Summer timing,FRASER SOCKEYE SALMON - EARLY SUMMER
732,Takla/Trembleur_Early Stuart,NA,732,SE020,Takla-Trembleur-EStu population,NA,SEL-06-014,SEL-06-14,Sockeye-Lake,4,Endangered,2017,y,FRASER,Sockeye,2,Early Stuart,SEL::Takla/Trembleur-Early Stuart timing,FRASER SOCKEYE SALMON -EARLY STUART
731,Takla/Trembleur/Stuart_Summer,NA,731,SE021,Takla-Trembleur-Stuart-S population,NA,SEL-06-013,SEL-06-13,Sockeye-Lake,4,Endangered,2017,y,FRASER,Sockeye,8,Summer ? Late Stuart,SEL::Takla/Trembleur/Stuart-Summer timing,FRASER SOCKEYE SALMON - SUMMER
734,Taseko_Early Summer,NA,734,SE022,Taseko-ES population,NA,SEL-06-016,SEL-06-16,Sockeye-Lake,4,Endangered,2017,y,FRASER,Sockeye,5,Early Summer ? Mid and Upper Fraser,SEL::Taseko-Early Summer timing,FRASER SOCKEYE SALMON - EARLY SUMMER
742,Widgeon,NA,742,SE023,Widgeon (River-Type) population,NA,SER-002,SER-02,Sockeye-River,4,Threatened,2017,y,FRASER,Sockeye,94,Summer ? Harrison (new),SER::Widgeon Creek,FRASER SOCKEYE SALMON - SUMMER
745,Harrison River,NA,745,SE024,Harrison (River-Type) population,NA,SER-003,SER-03,Sockeye-River,4,Not at risk,2017,y,FRASER,Sockeye,94,Summer ? Harrison (new),SER::Harrison River,FRASER SOCKEYE SALMON - SUMMER
973,East Vancouver Island and Georgia Strait,NA,991,SE025,South Coast-Georgia Strait,SC-GStr,SER-008,SER-08,Sockeye-River,5,NA,NA,no match in SMU lookup file ,,,,,,
973,East Vancouver Island and Georgia Strait,NA,992,SE026,East Vancouver Island-Georgia Strait,EVI-GStr,SER-008,SER-08,Sockeye-River,5,NA,NA,no match in SMU lookup file ,,,,,,
971,Southern Fjords,NA,993,SE027,South Coast-Southern Fjords,SC-SFj,SER-009,SER-009,Sockeye-River,5,NA,NA,no match in SMU lookup file ,,,,,,
973,East Vancouver Island and Georgia Strait,NA,994,SE028,East Vancouver Island-Southern Fjords,EVI-SFj,SER-008,SER-08,Sockeye-River,5,NA,NA,no match in SMU lookup file ,,,,,,
971,Southern Fjords,NA,995,SE029,Hamothko-Klinaklini-Southern Fjords,HK,SER-009,SER-009,Sockeye-River,5,NA,NA,no match in SMU lookup file ,,,,,,
972,West Vancouver Island,NA,972,SE030,West Vancouver Is,WVI,SER-010,SER-010,Sockeye-River,5,NA,NA,no match in SMU lookup file ,,,,,,
974,NW Vancouver Island,NA,974,SE031,Northwest Vancouver Is,NWVI,SER-011,SER-011,Sockeye-River,5,NA,NA,no match in SMU lookup file ,,,,,,
818,West Haida Gwaii,NA,818,SE032,West Haida Gwaii,WHG,SER-014,SER-14,Sockeye-River,NA,NA,NA,no match in SMU lookup file ,,,,,,
817,North Haida Gwaii,NA,817,SE033,North Haida Gwaii,NHG,SER-015,SER-15,Sockeye-River,NA,NA,NA,no match in SMU lookup file ,,,,,,
816,East Haida Gwaii,NA,816,SE034,East Haida Gwaii,EHG,NA,SER-13,Sockeye-River,NA,NA,NA,no match in SMU lookup file ,,,,,,
613,Rivers-Smith Inlets,NA,613,SE035,Rivers-Smith Inlets,RSI,SX_R12,SER-12,Sockeye-River,4,NA,NA,no match in SMU lookup file ,,,,,,
614,Northern Coastal Fjords,NA,629,SE036,Bella Coola-Dean Rivers,BCD,SX_R16,SER-16,Sockeye-Lake,4,NA,NA,no match in SMU lookup file ,,,,,,
614,Northern Coastal Fjords,NA,630,SE037,Northern Coastal Streams,NC,SX_R16,SER-16,Sockeye-Lake,4,NA,NA,no match in SMU lookup file ,,,,,,
615,Northern Coastal,NA,615,SE038,Hecate Lowlands,HecLow,SX_R17,SER-17,Sockeye-River,4,NA,NA,no match in SMU lookup file ,,,,,,
226,Skeena River,NA,114,SE039,Lower Skeena River,LSK,NA,SER-18,Sockeye-River,5,NA,NA,no match in SMU lookup file ,,,,,,
226,Skeena River,NA,115,SE040,Middle Skeena River,MSK,NA,SER-18,Sockeye-River,5,NA,NA,no match in SMU lookup file ,,,,,,
216,Skeena River-high interior,NA,216,SE041,Upper Skeena River,USK,SX_R19,SER-19,Sockeye-River,5,NA,NA,no match in SMU lookup file ,,,,,,
426,Lower Nass-Portland,NA,426,SE042,Lower Nass-Portland,LNR-P,SX_R20,SER-20,Sockeye-River,4,NA,NA,no match in SMU lookup file ,,,,,,
427,Upper Nass River,NA,427,SE043,Upper Nass River,UNR,SX_R21,SER-21,Sockeye-River,4,NA,NA,no match in SMU lookup file ,,,,,,
1023,Northern Transboundary Fjords,TBFj,1053,SE044,Stikine River,LStk,SER-022,SER-022,Sockeye-River,NA,NA,NA,no match in SMU lookup file ,TRANS,,,,,
1023,Northern Transboundary Fjords,TBFj,1054,SE045,Taku River,TAKU,SER-022,SER-022,Sockeye-River,NA,NA,NA,no match in SMU lookup file ,TRANS,,,,,
1023,Northern Transboundary Fjords,TBFj,1055,SE046,Whiting River,Whiting,SER-022,SER-022,Sockeye-River,NA,NA,NA,no match in SMU lookup file ,TRANS,,,,,
1023,Northern Transboundary Fjords,TBFj,1056,SE047,Unuk River,UNUK,SER-022,SER-022,Sockeye-River,NA,NA,NA,no match in SMU lookup file ,TRANS,,,,,
1022,Chilkat River,CHILKAR,1022,SE048,Chilkat River,CHILKAT,SER-023,SER-023,Sockeye-River,NA,NA,NA,no match in SMU lookup file ,TRANS,,,,,
1021,Alsek River,ALSEK,1021,SE049,Alsek River,ALSEK,SER-024,SER-024,Sockeye-River,NA,NA,NA,no match in SMU lookup file ,TRANS,,,,,ALSEK SOCKEYE SALMON
933,Sakinaw,SAKINAW,933,SE051,Sakinaw,SAKINAW,SEL-11-007,SEL-11-07,Sockeye-Lake,5,Endangered,2016,y,SOUTH COAST,Sockeye,20,Sakinaw,SEL::Sakinaw,ECVI/MAINLAND SOCKEYE SALMON
935,Tzoonie,TZOONIE,935,SE052,Tzoonie,TZOONIE,SEL-11-009,SEL-11-09,Sockeye-Lake,5,NA,NA,y,SOUTH COAST,Sockeye,19,Areas 11 to 13,SEL::Tzoonie,ECVI/MAINLAND SOCKEYE SALMON
927,Fulmore,FULMORE,927,SE053,Fulmore,FULMORE,SEL-11-001,SEL-11-01,Sockeye-Lake,5,NA,NA,y,SOUTH COAST,Sockeye,19,Areas 11 to 13,SEL::Fulmore,ECVI/MAINLAND SOCKEYE SALMON
928,Heydon,HEYDON,928,SE054,Heydon,HEYDON,SEL-11-002,SEL-11-02,Sockeye-Lake,5,NA,NA,y,SOUTH COAST,Sockeye,19,Areas 11 to 13,SEL::Heydon,ECVI/MAINLAND SOCKEYE SALMON
929,Kakweiken,KAWEIKEN,929,SE055,Kakweiken,KAWEIKEN,SEL-11-003,SEL-11-03,Sockeye-Lake,5,NA,NA,y,SOUTH COAST,Sockeye,19,Areas 11 to 13,SEL::Kakweiken,ECVI/MAINLAND SOCKEYE SALMON
930,Loose,LOOSE,930,SE056,Loose,LOOSE,SEL-11-004,SEL-11-04,Sockeye-Lake,5,NA,NA,y,SOUTH COAST,Sockeye,19,Areas 11 to 13,SEL::Loose,ECVI/MAINLAND SOCKEYE SALMON
931,Mackenzie,MACKENZIE,931,SE057,Mackenzie,MACKENZIE,SEL-11-005,SEL-11-05,Sockeye-Lake,5,NA,NA,y,SOUTH COAST,Sockeye,19,Areas 11 to 13,SEL::Mackenzie,ECVI/MAINLAND SOCKEYE SALMON
932,Phillips,PHILLIPS,932,SE058,Phillips,PHILLIPS,SEL-11-006,SEL-11-06,Sockeye-Lake,5,NA,NA,y,SOUTH COAST,Sockeye,19,Areas 11 to 13,SEL::Phillips,ECVI/MAINLAND SOCKEYE SALMON
937,Ida/Bonanza,IDA/BONANZA,937,SE059,Ida/Bonanza,IDA/BONANZA,SEL-12-001,SEL-12-01,Sockeye-Lake,5,NA,NA,y,SOUTH COAST,Sockeye,19,Areas 11 to 13,SEL::Ida/Bonanza,ECVI/MAINLAND SOCKEYE SALMON
938,Nahwitti,NAHWITTI,938,SE060,Nahwitti,NAHWITTI,SEL-12-002,SEL-12-02,Sockeye-Lake,5,NA,NA,y,SOUTH COAST,Sockeye,19,Areas 11 to 13,SEL::Nahwitti,ECVI/MAINLAND SOCKEYE SALMON
939,Nimpkish,NIMPKISH,939,SE061,Nimpkish,NIMPKISH,SEL-12-003,SEL-12-03,Sockeye-Lake,5,NA,NA,y,SOUTH COAST,Sockeye,19,Areas 11 to 13,SEL::Nimpkish,ECVI/MAINLAND SOCKEYE SALMON
941,Quatse,QUATSE,941,SE062,Quatse,QUATSE,SEL-12-005,SEL-12-05,Sockeye-Lake,4,NA,NA,y,SOUTH COAST,Sockeye,19,Areas 11 to 13,SEL::Quatse,ECVI/MAINLAND SOCKEYE SALMON
942,Schoen,SCHOEN,942,SE063,Schoen,SCHOEN,SEL-12-006,SEL-12-06,Sockeye-Lake,5,NA,NA,y,SOUTH COAST,Sockeye,19,Areas 11 to 13,SEL::Schoen,ECVI/MAINLAND SOCKEYE SALMON
943,Shushartie,SHUSHARTIE,943,SE064,Shushartie,SHUSHARTIE,SEL-12-007,SEL-12-07,Sockeye-Lake,5,NA,NA,y,SOUTH COAST,Sockeye,19,Areas 11 to 13,SEL::Shushartie,ECVI/MAINLAND SOCKEYE SALMON
944,Woss,WOSS,944,SE065,Woss,WOSS,SEL-12-008,SEL-12-08,Sockeye-Lake,5,NA,NA,y,SOUTH COAST,Sockeye,19,Areas 11 to 13,SEL::Woss,ECVI/MAINLAND SOCKEYE SALMON
976,Vernon,VERNON,976,SE066,Vernon,VERNON,SEL-12-009,SEL-12-09,Sockeye-Lake,5,NA,NA,y,SOUTH COAST,Sockeye,19,Areas 11 to 13,SEL::Vernon,ECVI/MAINLAND SOCKEYE SALMON
947,Cecilia,CECILIA,947,SE067,Cecilia,CECILIA,SEL-13-003,SEL-13-03,Sockeye-Lake,5,NA,NA,y,SOUTH COAST,Sockeye,18,WCVI ? Other,SEL::Cecilia,WCVI -OTHER SOCKEYE SALMON
948,Cheewat,CHEEWAT,948,SE068,Cheewat,CHEEWAT,SEL-13-004,SEL-13-04,Sockeye-Lake,5,NA,NA,y,SOUTH COAST,Sockeye,18,WCVI ? Other,SEL::Cheewat,WCVI -OTHER SOCKEYE SALMON
949,Clayoquot,CLAYQUOT,949,SE069,Clayoquot,CLAYQUOT,SEL-13-005,SEL-13-05,Sockeye-Lake,5,NA,NA,y,SOUTH COAST,Sockeye,18,WCVI ? Other,SEL::Clayoquot,WCVI -OTHER SOCKEYE SALMON
950,Deserted,DESERTED,950,SE070,Deserted,DESERTED,SEL-13-006,SEL-13-06,Sockeye-Lake,5,NA,NA,y,SOUTH COAST,Sockeye,18,WCVI ? Other,SEL::Deserted,WCVI -OTHER SOCKEYE SALMON
951,Fairy,FAIRY,951,SE071,Fairy,FAIRY,SEL-13-007,SEL-13-07,Sockeye-Lake,5,NA,NA,y,SOUTH COAST,Sockeye,18,WCVI ? Other,SEL::Fairy,WCVI -OTHER SOCKEYE SALMON
952,Great Central,GCL,952,SE072,Great Central,GCL,SEL-13-008,SEL-13-08,Sockeye-Lake,5,NA,NA,y,SOUTH COAST,Sockeye,16,Somass,SEL::Great Central,WCVI - BARKLEY SOCKEYE SALMON
953,Henderson,HENDERSON,953,SE073,Henderson,HENDERSON,SEL-13-009,SEL-13-09,Sockeye-Lake,5,NA,NA,y,SOUTH COAST,Sockeye,17,Henderson,SEL::Henderson,WCVI - BARKLEY SOCKEYE SALMON
954,Hesquiat,HESQUIAT,954,SE074,Hesquiat,HESQUIAT,SEL-13-010,SEL-13-10,Sockeye-Lake,5,NA,NA,y,SOUTH COAST,Sockeye,18,WCVI ? Other,SEL::Hesquiat,WCVI -OTHER SOCKEYE SALMON
955,Hobiton,HOBITON,955,SE075,Hobiton,HOBITON,SEL-13-011,SEL-13-11,Sockeye-Lake,5,NA,NA,y,SOUTH COAST,Sockeye,18,WCVI ? Other,SEL::Hobiton,WCVI -OTHER SOCKEYE SALMON
956,Jansen,JANSEN,956,SE076,Jansen,JANSEN,SEL-13-012,SEL-13-12,Sockeye-Lake,5,NA,NA,y,SOUTH COAST,Sockeye,18,WCVI ? Other,SEL::Jansen,WCVI -OTHER SOCKEYE SALMON
957,Kanim,KANIM,957,SE077,Kanim,KANIM,SEL-13-013,SEL-13-13,Sockeye-Lake,5,NA,NA,y,SOUTH COAST,Sockeye,18,WCVI ? Other,SEL::Kanim,WCVI -OTHER SOCKEYE SALMON
958,Kennedy,KENNEDEY,958,SE078,Kennedy,KENNEDEY,SEL-13-014,SEL-13-14,Sockeye-Lake,5,NA,NA,y,SOUTH COAST,Sockeye,18,WCVI ? Other,SEL::Kennedy,WCVI -OTHER SOCKEYE SALMON
959,Maggie,MAGGIE,959,SE079,Maggie,MAGGIE,SEL-13-015,SEL-13-15,Sockeye-Lake,5,NA,NA,y,SOUTH COAST,Sockeye,18,WCVI ? Other,SEL::Maggie,WCVI -OTHER SOCKEYE SALMON
960,Megin,MEGIN,960,SE080,Megin,MEGIN,SEL-13-016,SEL-13-16,Sockeye-Lake,5,NA,NA,y,SOUTH COAST,Sockeye,18,WCVI ? Other,SEL::Megin,WCVI -OTHER SOCKEYE SALMON
961,Muchalat,MUCHALAT,961,SE081,Muchalat,MUCHALAT,SEL-13-017,SEL-13-17,Sockeye-Lake,5,NA,NA,y,SOUTH COAST,Sockeye,18,WCVI ? Other,SEL::Muchalat,WCVI -OTHER SOCKEYE SALMON
962,Muriel,MURIEL,962,SE082,Muriel,MURIEL,SEL-13-018,SEL-13-18,Sockeye-Lake,5,NA,NA,y,SOUTH COAST,Sockeye,18,WCVI ? Other,SEL::Muriel,WCVI -OTHER SOCKEYE SALMON
963,Nitinat,NITINAT,963,SE083,Nitinat,NITINAT,SEL-13-019,SEL-13-19,Sockeye-Lake,5,NA,NA,y,SOUTH COAST,Sockeye,18,WCVI ? Other,SEL::Nitinat,WCVI -OTHER SOCKEYE SALMON
966,Park River,PARK,966,SE084,Park River,PARK,SEL-13-022,SEL-13-22,Sockeye-Lake,5,NA,NA,y,SOUTH COAST,Sockeye,18,WCVI ? Other,SEL::Park River,WCVI -OTHER SOCKEYE SALMON
967,Power,POWER,967,SE085,Power,POWER,SEL-13-023,SEL-13-23,Sockeye-Lake,5,NA,NA,y,SOUTH COAST,Sockeye,18,WCVI ? Other,SEL::Power,WCVI -OTHER SOCKEYE SALMON
969,Sproat,SPROAT,969,SE086,Sproat,SPROAT,SEL-13-025,SEL-13-25,Sockeye-Lake,5,NA,NA,y,SOUTH COAST,Sockeye,16,Somass,SEL::Sproat,WCVI - BARKLEY SOCKEYE SALMON
945,Alice,ALICE,945,SE087,Alice,ALICE,SEL-13-001,SEL-13-01,Sockeye-Lake,5,NA,NA,y,SOUTH COAST,Sockeye,18,WCVI ? Other,SEL::Alice,WCVI -OTHER SOCKEYE SALMON
946,Canoe Creek,CANOE,946,SE088,Canoe Creek,CANOE,SEL-13-002,SEL-13-02,Sockeye-Lake,5,NA,NA,y,SOUTH COAST,Sockeye,18,WCVI ? Other,SEL::Canoe Creek,WCVI -OTHER SOCKEYE SALMON
964,O'Connell,O'CONNELL,964,SE089,O'Connell,O'CONNELL,SEL-13-020,SEL-13-20,Sockeye-Lake,5,NA,NA,y,SOUTH COAST,Sockeye,18,WCVI ? Other,SEL::O'Connell,WCVI -OTHER SOCKEYE SALMON
970,William/Brink,WILLIAM/BRINK,970,SE090,William/Brink,WILLIAM/BRINK,SEL-13-026,SEL-13-26,Sockeye-Lake,5,NA,NA,y,SOUTH COAST,Sockeye,18,WCVI ? Other,SEL::William/Brink,WCVI -OTHER SOCKEYE SALMON
825,Mercer,MERCER,825,SE091,Mercer,MERCER,SX_L-17-07,SEL-17-07,Sockeye-Lake,5,NA,NA,y,NORTH COAST,Sockeye,26,Haida Gwaii,SEL::Mercer,HAIDA GWAII SOCKEYE SALMON
821,Fairfax,FAIRFAX,821,SE092,Fairfax,FAIRFAX,NA,SEL-17-03,Sockeye-Lake,5,NA,NA,y,NORTH COAST,Sockeye,26,Haida Gwaii,SEL::Fairfax,HAIDA GWAII SOCKEYE SALMON
819,Ain/Skundale/Ian,SKUNDALE,819,SE093,Ain/Skundale/Ian,SKUNDALE,NA,SEL-17-01,Sockeye-Lake,NA,NA,NA,y,NORTH COAST,Sockeye,26,Haida Gwaii,SEL::Ain/Skundale/Ian,HAIDA GWAII SOCKEYE SALMON
820,Awun,AWUN,820,SE094,Awun,AWUN,SX_L-17-02,SEL-17-02,Sockeye-Lake,5,NA,NA,y,NORTH COAST,Sockeye,26,Haida Gwaii,SEL::Awun,HAIDA GWAII SOCKEYE SALMON
822,Jalun,JALUN,822,SE095,Jalun,JALUN,NA,SEL-17-04,Sockeye-Lake,5,NA,NA,y,NORTH COAST,Sockeye,26,Haida Gwaii,SEL::Jalun,HAIDA GWAII SOCKEYE SALMON
827,Yakoun,YAKOUN,827,SE096,Yakoun,YAKOUN,SX_L-17-09,SEL-17-09,Sockeye-Lake,5,NA,NA,y,NORTH COAST,Sockeye,26,Haida Gwaii,SEL::Yakoun,HAIDA GWAII SOCKEYE SALMON
828,Marie,MARIE,828,SE097,Marie,MARIE,NA,SEL-17-10,Sockeye-Lake,NA,NA,NA,"NOT PREVIOUSLY IN SHEET, NO PSE CU ID; GEN LENGTH (VM gave PSE CU ID)",NORTH COAST,Sockeye,26,Haida Gwaii,SEL::Marie,HAIDA GWAII SOCKEYE SALMON
824,Mathers,MATHERS,824,SE098,Mathers,MATHERS,SX_L-17-06,SEL-17-06,Sockeye-Lake,5,NA,NA,y,NORTH COAST,Sockeye,26,Haida Gwaii,SEL::Mathers,HAIDA GWAII SOCKEYE SALMON
826,Skidegate,SKIDEGATE,826,SE099,Skidegate,SKIDEGATE,SX_L-17-08,SEL-17-08,Sockeye-Lake,5,NA,NA,y,NORTH COAST,Sockeye,26,Haida Gwaii,SEL::Skidegate,HAIDA GWAII SOCKEYE SALMON
524,Long,LONG,524,SE100,Long,LONG,SX_L-15-01,SEL-15-01,Sockeye-Lake,5,NA,NA,y,NORTH COAST,Sockeye,21,Areas 7 to 10,SEL::Long,RIVERS/SMITH SOCKEYE SALMON
525,Owikeno,OWIKENO,525,SE101,Owikeno,OWIKENO,SX_L-15-02,SEL-15-02,Sockeye-Lake,5,NA,NA,y,NORTH COAST,Sockeye,21,Areas 7 to 10,SEL::Owikeno,RIVERS/SMITH SOCKEYE SALMON
527,Wannock[Owikeno],WANNOCK,527,SE102,Wannock,WANNOCK,L-15-04,SEL-15-04,Sockeye-Lake,5,NA,NA,y,NORTH COAST,Sockeye,21,Areas 7 to 10,SEL::Wannock[Owikeno],RIVERS/SMITH SOCKEYE SALMON
528,South Atnarko Lakes,NA,528,SE103,S Atnarko,S_ATNARKO,SX_528,SX_528,Sockeye-Lake,5,NA,NA,2021 SE DU report has CU index = L-16-01,NORTH COAST,Sockeye,21,Areas 7 to 10,SEL::South Atnarko Lakes,RIVERS/SMITH SOCKEYE SALMON
532,Canoona,CANOONA,532,SE104,Canoona,CANOONA,SX_L-18-02,SEL-18-02,Sockeye-Lake,5,NA,NA,y,NORTH COAST,Sockeye,22,Coastal Areas 3 to 6,SEL::Canoona,CENTRAL COAST SOCKEYE SALMON
534,Evelyn,EVELYN,534,SE105,Evelyn,EVELYN,SX_L-18-04,SEL-18-04,Sockeye-Lake,5,NA,NA,y,NORTH COAST,Sockeye,22,Coastal Areas 3 to 6,SEL::Evelyn,CENTRAL COAST SOCKEYE SALMON
535,Kainet Creek,KAINET,535,SE106,Kainet,KAINET,SX_L-18-05,SEL-18-05,Sockeye-Lake,5,NA,NA,y,NORTH COAST,Sockeye,22,Coastal Areas 3 to 6,SEL::Kainet Creek,CENTRAL COAST SOCKEYE SALMON
536,Kimsquit,KIMSQUIT,536,SE107,Kimsquit,KIMSQUIT,SX_L-18-06,SEL-18-06,Sockeye-Lake,5,NA,NA,y,NORTH COAST,Sockeye,22,Coastal Areas 3 to 6,SEL::Kimsquit,CENTRAL COAST SOCKEYE SALMON
537,Kitkiata,NA,537,SE108,Kitkatla,KITKATLA,SX_L-18-07,SEL-18-07,Sockeye-Lake,5,NA,NA,"Discrepancy in name - 2021 SE DU report calls ""Kitkatla""; Cu index matches",NORTH COAST,Sockeye,22,Coastal Areas 3 to 6,SEL::Kitkiata,CENTRAL COAST SOCKEYE SALMON
538,Kitlope,KITLOPE,538,SE109,Kitlope,KITLOPE,SX_L-18-08,SEL-18-08,Sockeye-Lake,5,NA,NA,y,NORTH COAST,Sockeye,22,Coastal Areas 3 to 6,SEL::Kitlope,CENTRAL COAST SOCKEYE SALMON
539,Pine River,PINE,539,SE110,Pine,PINE,SX_L-18-09,SEL-18-09,Sockeye-Lake,5,NA,NA,y,NORTH COAST,Sockeye,22,Coastal Areas 3 to 6,SEL::Pine River,CENTRAL COAST SOCKEYE SALMON
540,Banks,BANKS,540,SE111,Banks,BANKS,SX_L-19-01,SEL-19-01,Sockeye-Lake,5,NA,NA,y,NORTH COAST,Sockeye,22,Coastal Areas 3 to 6,SEL::Banks,CENTRAL COAST SOCKEYE SALMON
541,Bloomfield,BLOOMFIELD,541,SE112,Bloomfield,BLOOMFIELD,SX_L-19-02,SEL-19-02,Sockeye-Lake,5,NA,NA,y,NORTH COAST,Sockeye,22,Coastal Areas 3 to 6,SEL::Bloomfield,CENTRAL COAST SOCKEYE SALMON
542,Bolton Creek,BOLTON,542,SE113,Bolton,BOLTON,SX_L-19-03,SEL-19-03,Sockeye-Lake,5,NA,NA,y,NORTH COAST,Sockeye,22,Coastal Areas 3 to 6,SEL::Bolton Creek,CENTRAL COAST SOCKEYE SALMON
543,Bonilla,BONILLA,543,SE114,Bonilla,BONILLA,SX_L-19-04,SEL-19-04,Sockeye-Lake,5,NA,NA,y,NORTH COAST,Sockeye,22,Coastal Areas 3 to 6,SEL::Bonilla,CENTRAL COAST SOCKEYE SALMON
548,Citeyats,NA,548,SE115,Tuwartz,TUWARTZ,SX_L-19-09,SEL-19-09,Sockeye-Lake,5,NA,NA,"Discrepancy in name - 2021 SE DU report calls ""Tuwartz"", CU index matches",,,,,,
549,Fannie Cove,FANNIE,549,SE116,Fannie,FANNIE,SX_L-19-10,SEL-19-10,Sockeye-Lake,5,NA,NA,y,NORTH COAST,Sockeye,22,Coastal Areas 3 to 6,SEL::Fannie Cove,CENTRAL COAST SOCKEYE SALMON
550,Curtis Inlet,CURTIS,550,SE117,Curtis,CURTIS,SX_L-19-11,SEL-19-11,Sockeye-Lake,5,NA,NA,y,NORTH COAST,Sockeye,22,Coastal Areas 3 to 6,SEL::Curtis Inlet,CENTRAL COAST SOCKEYE SALMON
553,Devon,DEVON,553,SE118,Devon,DEVON,SX_L-19-14,SEL-19-14,Sockeye-Lake,5,NA,NA,y,NORTH COAST,Sockeye,22,Coastal Areas 3 to 6,SEL::Devon,CENTRAL COAST SOCKEYE SALMON
556,Elsie/Hoy,ELSIE/HOY,556,SE119,Elsie/Hoy,ELSIE/HOY,SX_L-19-17,SEL-19-17,Sockeye-Lake,5,NA,NA,y,NORTH COAST,Sockeye,22,Coastal Areas 3 to 6,SEL::Elsie/Hoy,CENTRAL COAST SOCKEYE SALMON
557,End Hill Creek,END HILL,557,SE120,End Hill,END HILL,SX_L-19-18,SEL-19-18,Sockeye-Lake,5,NA,NA,y,NORTH COAST,Sockeye,22,Coastal Areas 3 to 6,SEL::End Hill Creek,CENTRAL COAST SOCKEYE SALMON
559,Freeda,NA,559,SE121,Freeda/Brodie,FREEDA/BRODIE,SX_L-19-20,SEL-19-20,Sockeye-Lake,5,NA,NA,y,NORTH COAST,Sockeye,22,Coastal Areas 3 to 6,SEL::Freeda/Brodie,CENTRAL COAST SOCKEYE SALMON
562,Higgins Lagoon,HIGGINS,562,SE122,Higgins Lagoon,HIGGINS,SX_L-19-23,SEL-19-23,Sockeye-Lake,5,NA,NA,y,NORTH COAST,Sockeye,22,Coastal Areas 3 to 6,SEL::Higgins Lagoon,CENTRAL COAST SOCKEYE SALMON
564,Kdelmashan Creek,KDELMASHAN,564,SE123,Kdelmashan,KDELMASHAN,SX_L-19-25,SEL-19-25,Sockeye-Lake,5,NA,NA,y,NORTH COAST,Sockeye,22,Coastal Areas 3 to 6,SEL::Kdelmashan Creek,CENTRAL COAST SOCKEYE SALMON
565,Keecha,NA,565,SE124,Keesha,KEESHA,SX_L-19-26,SEL-19-26,Sockeye-Lake,5,NA,NA,"Discrepancy in name - 2021 SE DU report calls ""Keesha"", CU index matches",NORTH COAST,Sockeye,22,Coastal Areas 3 to 6,SEL::Keecha,CENTRAL COAST SOCKEYE SALMON
566,Kent Inlet Lagoon Creek,KENT,566,SE125,Kent Inlet,KENT,SX_L-19-27,SEL-19-27,Sockeye-Lake,5,NA,NA,y,NORTH COAST,Sockeye,22,Coastal Areas 3 to 6,SEL::Kent Inlet Lagoon Creek,CENTRAL COAST SOCKEYE SALMON
570,Kildidt Lagoon Creek,KILDIDT LAGOON,570,SE126,Kildidt Lagoon Creek,KILDIDT LAGOON,SX_L-19-31,SEL-19-31,Sockeye-Lake,5,NA,NA,y,NORTH COAST,Sockeye,22,Coastal Areas 3 to 6,SEL::Kildidt Lagoon Creek,CENTRAL COAST SOCKEYE SALMON
571,Kisameet,KISAMEET,571,SE127,Kisameet,KISAMEET,SX_L-19-32,SEL-19-32,Sockeye-Lake,5,NA,NA,y,NORTH COAST,Sockeye,22,Coastal Areas 3 to 6,SEL::Kisameet,CENTRAL COAST SOCKEYE SALMON
572,Koeye,KOEYE,572,SE128,Koeye,KOEYE,SX_L-19-33,SEL-19-33,Sockeye-Lake,5,NA,NA,y,NORTH COAST,Sockeye,22,Coastal Areas 3 to 6,SEL::Koeye,CENTRAL COAST SOCKEYE SALMON
573,Kooryet,KOORYET,573,SE129,Kooryet,KOORYET,SX_L-19-34,SEL-19-34,Sockeye-Lake,5,NA,NA,y,NORTH COAST,Sockeye,22,Coastal Areas 3 to 6,SEL::Kooryet,CENTRAL COAST SOCKEYE SALMON
575,Kwakwa Creek,KWAKWA,575,SE130,Kwakwa,KWAKWA,SX_L-19-36,SEL-19-36,Sockeye-Lake,5,NA,NA,y,NORTH COAST,Sockeye,22,Coastal Areas 3 to 6,SEL::Kwakwa Creek,CENTRAL COAST SOCKEYE SALMON
577,Limestone Creek,LIMESTONE,577,SE131,Limestone,LIMESTONE,SX_L-19-38,SEL-19-38,Sockeye-Lake,5,NA,NA,y,NORTH COAST,Sockeye,22,Coastal Areas 3 to 6,SEL::Limestone Creek,CENTRAL COAST SOCKEYE SALMON
579,Mary Cove Creek,MARY COVE,579,SE132,Mary Cove,MARY COVE,SX_L-19-40,SEL-19-40,Sockeye-Lake,5,NA,NA,y,NORTH COAST,Sockeye,22,Coastal Areas 3 to 6,SEL::Mary Cove Creek,CENTRAL COAST SOCKEYE SALMON
582,Mikado,MIKADO,582,SE133,Mikado,MIKADO,SX_L-19-43,SEL-19-43,Sockeye-Lake,5,NA,NA,y,NORTH COAST,Sockeye,22,Coastal Areas 3 to 6,SEL::Mikado,CENTRAL COAST SOCKEYE SALMON
584,Namu,NAMU,584,SE134,Namu,NAMU,SX_L-19-45,SEL-19-45,Sockeye-Lake,5,NA,NA,y,NORTH COAST,Sockeye,22,Coastal Areas 3 to 6,SEL::Namu,CENTRAL COAST SOCKEYE SALMON
585,Port John,PORT JOHN,585,SE135,Port John,PORT JOHN,SX_L-19-46,SEL-19-46,Sockeye-Lake,5,NA,NA,y,NORTH COAST,Sockeye,22,Coastal Areas 3 to 6,SEL::Port John,CENTRAL COAST SOCKEYE SALMON
586,Powles Creek,POWLES,586,SE136,Powles,POWLES,SX_L-19-47,SEL-19-47,Sockeye-Lake,5,NA,NA,y,NORTH COAST,Sockeye,22,Coastal Areas 3 to 6,SEL::Powles Creek,CENTRAL COAST SOCKEYE SALMON
416,Prudhomme,PRUDHOMME,416,SE137,Prudhomme,PRUDHOMME,SX_L-19-49,SEL-19-49,Sockeye-Lake,5,NA,NA,y,NORTH COAST,Sockeye,22,Coastal Areas 3 to 6,SEL::Prudhomme,CENTRAL COAST SOCKEYE SALMON
589,Ryan Creek,RYAN,589,SE138,Ryan,RYAN,SX_L-19-51,SEL-19-51,Sockeye-Lake,5,NA,NA,y,NORTH COAST,Sockeye,22,Coastal Areas 3 to 6,SEL::Ryan Creek,CENTRAL COAST SOCKEYE SALMON
590,Salter,SALTER,590,SE139,Salter,SALTER,SX_L-19-52,SEL-19-52,Sockeye-Lake,5,NA,NA,y,NORTH COAST,Sockeye,22,Coastal Areas 3 to 6,SEL::Salter,CENTRAL COAST SOCKEYE SALMON
591,Scoular/Kilpatrick,SCOULER/KILPATRICK,591,SE140,Scoular/Kilpatrick,SCOULER/KILPATRICK,SX_L-19-53,SEL-19-53,Sockeye-Lake,5,NA,NA,y,NORTH COAST,Sockeye,22,Coastal Areas 3 to 6,SEL::Scoular/Kilpatrick,CENTRAL COAST SOCKEYE SALMON
417,Shawatlan,SHAWATLAN,417,SE141,Shawatlan,SHAWATLAN,SX_L-19-54,SEL-19-54,Sockeye-Lake,5,NA,NA,y,NORTH COAST,Sockeye,22,Coastal Areas 3 to 6,SEL::Shawatlan,CENTRAL COAST SOCKEYE SALMON
594,Spencer Creek,SPENCER,594,SE142,Spencer,SPENCER,SX_L-19-57,SEL-19-57,Sockeye-Lake,5,NA,NA,y,NORTH COAST,Sockeye,22,Coastal Areas 3 to 6,SEL::Spencer Creek,CENTRAL COAST SOCKEYE SALMON
596,Talamoosa Creek,TALAMOOSA,596,SE143,Talamoosa,TALAMOOSA,SX_L-19-59,SEL-19-59,Sockeye-Lake,5,NA,NA,y,NORTH COAST,Sockeye,22,Coastal Areas 3 to 6,SEL::Talamoosa Creek,CENTRAL COAST SOCKEYE SALMON
597,Tankeeah River,TANKEEAH,597,SE144,Tankeeah,TANKEEAH,SX_L-19-60,SEL-19-60,Sockeye-Lake,5,NA,NA,y,NORTH COAST,Sockeye,22,Coastal Areas 3 to 6,SEL::Tankeeah River,CENTRAL COAST SOCKEYE SALMON
599,Tsimtack/Moore/Roger,TSIMTACK,599,SE145,Tsimtack,TSIMTACK,SX_L-19-62,SEL-19-62,Sockeye-Lake,5,NA,NA,y,NORTH COAST,Sockeye,22,Coastal Areas 3 to 6,SEL::Tsimtack Lakes,CENTRAL COAST SOCKEYE SALMON
601,Tuno Creek West,TUNO_WEST,601,SE146,Tuno West,TUNO_WEST,SX_L-19-64,SEL-19-64,Sockeye-Lake,5,NA,NA,y,NORTH COAST,Sockeye,22,Coastal Areas 3 to 6,SEL::Tuno Creek West,CENTRAL COAST SOCKEYE SALMON
603,Wale Creek,WALE,603,SE147,Wale,WALE,SX_L-19-66,SEL-19-66,Sockeye-Lake,5,NA,NA,y,NORTH COAST,Sockeye,22,Coastal Areas 3 to 6,SEL::Wale Creek,CENTRAL COAST SOCKEYE SALMON
607,Yeo,YEO,607,SE148,Yeo,YEO,SX_L-19-70,SEL-19-70,Sockeye-Lake,5,NA,NA,y,NORTH COAST,Sockeye,22,Coastal Areas 3 to 6,SEL::Yeo,CENTRAL COAST SOCKEYE SALMON
171,Alastair,ALASTAIR,171,SE149,Alastair,ALASTAIR,SX_L-20-01,SEL-20-01,Sockeye-Lake,6,NA,NA,y,NORTH COAST,Sockeye,24,Skeena ? Wild,SEL::Alastair,SKEENA SOCKEYE SALMON
172,Aldrich,ALDRICH,172,SE150,Aldrich,ALDRICH,NA,NA,Sockeye-Lake,5,NA,NA,2021 SE DU report has CU index as L-20-2,NORTH COAST,Sockeye,24,Skeena ? Wild,SEL::Aldrich,SKEENA SOCKEYE SALMON
173,Dennis,DENNIS,173,SE151,Dennis,DENNIS,NA,NA,Sockeye-Lake,5,NA,NA,2021 SE DU report has CU index as L-20-3,NORTH COAST,Sockeye,24,Skeena ? Wild,SEL::Dennis,SKEENA SOCKEYE SALMON
174,Ecstall/Lower,ECSTALL/LOWER,174,SE152,Ecstall/Lower,ECSTALL/LOWER,NA,SEL-20-04,Sockeye-Lake,5,NA,NA,y,NORTH COAST,Sockeye,24,Skeena ? Wild,SEL::Ecstall/Lower,SKEENA SOCKEYE SALMON
175,Johnston,JOHNSTON,175,SE153,Johnston,JOHNSTON,SX_L-20-05,SEL-20-05,Sockeye-Lake,5,NA,NA,y,NORTH COAST,Sockeye,24,Skeena ? Wild,SEL::Johnston,SKEENA SOCKEYE SALMON
176,Kitsumkalum,NA,176,SE154,Kitsumkalum,KALUM,SX_L-20-06,SEL-20-06,Sockeye-Lake,5,NA,NA,No reference in 2015 or 2021 COSEWIC SE DU reports,NORTH COAST,Sockeye,24,Skeena ? Wild,SEL::Kitsumkalum,SKEENA SOCKEYE SALMON
177,Lakelse,LAKELSE,177,SE155,Lakelse,LAKELSE,SX_L-20-07,SEL-20-07,Sockeye-Lake,5,NA,NA,y,NORTH COAST,Sockeye,24,Skeena ? Wild,SEL::Lakelse,SKEENA SOCKEYE SALMON
178,Mcdonell,MCDONELL,178,SE156,Mcdonell,MCDONELL,SX_L-20-08,SEL-20-08,Sockeye-Lake,5,NA,NA,y,NORTH COAST,Sockeye,24,Skeena ? Wild,SEL::Mcdonell,SKEENA SOCKEYE SALMON
179,Atna,ATNA,179,SE157,Atna,ATNA,NA,NA,Sockeye-Lake,5,NA,NA,2021 SE DU report has CU index as L-21-1,NORTH COAST,Sockeye,24,Skeena ? Wild,SEL::Atna,SKEENA SOCKEYE SALMON
180,Babine,BABINE,112,SE158,Babine,BABINE,SX_L-21-02-EW,SEL-21-02-EW,Sockeye-Lake,5,NA,NA,y,NORTH COAST,Sockeye,23,Babine Lake ? Enhanced,SEL::Babine,SKEENA SOCKEYE SALMON
203,Babine (enhanced),NA,112,SE158,Babine,BABINE,SX_L-21-02-F,SEL-21-02-F,Sockeye-Lake,5,NA,NA,no match in SMU lookup file ,,,,,,
181,Bulkley,BULKLEY,181,SE159,Bulkley,BULKLEY,NA,SEL-21-03,Sockeye-Lake,5,NA,NA,y,NORTH COAST,Sockeye,25,Nass,SEL::Bulkley,NASS SOCKEYE SALMON
183,Gitanyow,NA,183,SE160,Kitwancool,KITWANCOOL,SX_L-21-05,SEL-21-05,Sockeye-Lake,5,NA,NA,no match in SMU lookup file ,,,,,,
184,Maxan,MAXAN,184,SE161,Maxan,MAXAN,NA,NA,Sockeye-Lake,5,NA,NA,2021 SE DU report has CU index as L-21-6,NORTH COAST,Sockeye,24,Skeena ? Wild,SEL::Maxan,SKEENA SOCKEYE SALMON
185,Morice,MORICE,185,SE162,Morice,MORICE,SX_L-21-07,SEL-21-07,Sockeye-Lake,6,NA,NA,y,NORTH COAST,Sockeye,24,Skeena ? Wild,SEL::Morice,SKEENA SOCKEYE SALMON
187,Stephens,STEPHENS,187,SE163,Stephens,STEPHENS,SX_L-21-09,SEL-21-09,Sockeye-Lake,5,NA,NA,y,NORTH COAST,Sockeye,24,Skeena ? Wild,SEL::Stephens,SKEENA SOCKEYE SALMON
189,Tahlo/Morrison,NA,189,SE164,Tahlo/Morrison,TAHLO/MORRISON,SX_L-21-02-MW,SEL-21-02-MW,Sockeye-Lake,5,NA,NA,"Name matches but CU index from 2021 SE DU Report doesn't match the one here, there CU index = L-21-11",NORTH COAST,Sockeye,24,Skeena ? Wild,SEL::Tahlo/Morrison,SKEENA SOCKEYE SALMON
230,Footsore/Hodder,FOOTSORE/HODDER,230,SE165,Footsore/Hodder,FOOTSORE/HODDER,NA,SEL-21-12,Sockeye-Lake,5,NA,NA,y,NORTH COAST,Sockeye,24,Skeena ? Wild,SEL::Footsore/Hodder,SKEENA SOCKEYE SALMON
190,Asitika,ASITIKA,190,SE166,Asitika,ASITIKA,SX_L-22-01,SEL-22-01,Sockeye-Lake,5,NA,NA,y,NORTH COAST,Sockeye,24,Skeena ? Wild,SEL::Asitika,SKEENA SOCKEYE SALMON
191,Azuklotz,AZUKLOTZ,191,SE167,Azuklotz,AZUKLOTZ,SX_L-22-02,SEL-22-02,Sockeye-Lake,5,NA,NA,y,NORTH COAST,Sockeye,24,Skeena ? Wild,SEL::Azuklotz,SKEENA SOCKEYE SALMON
192,Bear,BEAR,192,SE168,Bear,BEAR,SX_L-22-03,SEL-22-03,Sockeye-Lake,5,NA,NA,y,NORTH COAST,Sockeye,24,Skeena ? Wild,SEL::Bear,SKEENA SOCKEYE SALMON
193,Damshilgwit,DAMSHILGWIT,193,SE169,Damshilgwit,DAMSHILGWIT,SX_L-22-04,SEL-22-04,Sockeye-Lake,5,NA,NA,y,NORTH COAST,Sockeye,24,Skeena ? Wild,SEL::Damshilgwit,SKEENA SOCKEYE SALMON
194,Johanson,JOHANSON,194,SE170,Johanson,JOHANSON,NA,SEL-22-05,Sockeye-Lake,5,NA,NA,y,NORTH COAST,Sockeye,24,Skeena ? Wild,SEL::Johanson,SKEENA SOCKEYE SALMON
195,Kluatantan,KLUATANTAN,195,SE171,Kluatantan,KLUATANTAN,NA,SEL-22-06,Sockeye-Lake,5,NA,NA,y,NORTH COAST,Sockeye,24,Skeena ? Wild,SEL::Kluatantan,SKEENA SOCKEYE SALMON
196,Kluayaz,KLUAYAZ,196,SE172,Kluayaz,KLUAYAZ,NA,SEL-22-07,Sockeye-Lake,5,NA,NA,y,NORTH COAST,Sockeye,24,Skeena ? Wild,SEL::Kluayaz,SKEENA SOCKEYE SALMON
197,Motase,MOTASE,197,SE173,Motase,MOTASE,SX_L-22-08,SEL-22-08,Sockeye-Lake,5,NA,NA,y,NORTH COAST,Sockeye,24,Skeena ? Wild,SEL::Motase,SKEENA SOCKEYE SALMON
198,Sicintine,SICINTINE,198,SE174,Sicintine,SICINTINE,NA,SEL-22-09,Sockeye-Lake,5,NA,NA,y,NORTH COAST,Sockeye,24,Skeena ? Wild,SEL::Sicintine,SKEENA SOCKEYE SALMON
199,Slamgeesh,SLAMGEESH,199,SE175,Slamgeesh,SLAMGEESH,NA,SEL-22-10,Sockeye-Lake,5,NA,NA,y,NORTH COAST,Sockeye,24,Skeena ? Wild,SEL::Slamgeesh,SKEENA SOCKEYE SALMON
200,Spawning,SPAWNING,200,SE176,Spawning,SPAWNING,NA,SEL-22-11,Sockeye-Lake,5,NA,NA,y,NORTH COAST,Sockeye,24,Skeena ? Wild,SEL::Spawning,SKEENA SOCKEYE SALMON
201,Sustut,SUSTUT,201,SE177,Sustut,SUSTUT,NA,SEL-22-12,Sockeye-Lake,5,NA,NA,y,NORTH COAST,Sockeye,24,Skeena ? Wild,SEL::Sustut,SKEENA SOCKEYE SALMON
420,Bowser,BOWSER,420,SE178,Bowser,BOWSER,NA,NA,Sockeye-Lake,NA,NA,NA,2021 SE DU report has CU index = L-24-1,NORTH COAST,Sockeye,25,Nass,SEL::Bowser,NASS SOCKEYE SALMON
421,Damdochax,DAMDOCHAX,421,SE179,Damdochax/Wiminasik,DAMDOCHAX,SX_L-24-02,SEL-24-02,Sockeye-Lake,5,NA,NA,y,NORTH COAST,Sockeye,25,Nass,SEL::Damdochax/Wiminasik,NASS SOCKEYE SALMON
422,Fred Wright,FWRIGHT,422,SE180,Fred Wright,FWRIGHT,SX_L-24-03,SEL-24-03,Sockeye-Lake,5,NA,NA,y,NORTH COAST,Sockeye,25,Nass,SEL::Fred Wright,NASS SOCKEYE SALMON
423,Kwinageese,KWINAGEESE,423,SE181,Kwinageese,KWINAGEESE,NA,NA,Sockeye-Lake,NA,NA,NA,2021 SE DU report has CU index = L-24-4,NORTH COAST,Sockeye,25,Nass,SEL::Kwinageese,NASS SOCKEYE SALMON
424,Meziadin,MEZIADIN,424,SE182,Meziadin,MEZIADIN,SX_L-24-05,SEL-24-05,Sockeye-Lake,5,NA,NA,y,NORTH COAST,Sockeye,25,Nass,SEL::Meziadin,NASS SOCKEYE SALMON
425,Oweegee,OWEEGEE,425,SE183,Oweegee,OWEEGEE,NA,NA,Sockeye-Lake,NA,NA,NA,2021 SE DU report has CU index = L-24-6,NORTH COAST,Sockeye,25,Nass,SEL::Oweegee,NASS SOCKEYE SALMON
1024,Border,BORDER,1024,SE184,Border,BORDER,NA,SEL-25-01,Sockeye-Lake,NA,NA,NA,Transboundary,TRANS,,,,,
1025,Christina,CHRISTINA,1025,SE185,Christina,CHRISTINA,NA,SEL-26-01,Sockeye-Lake,NA,NA,NA,Transboundary,TRANS,Sockeye,28,,SEL::Christina,STIKINE SOCKEYE SALMON
1026,Tahltan,TAHLTAN,1026,SE186,Tahltan,TAHLTAN,NA,SEL-26-02,Sockeye-Lake,NA,NA,NA,Transboundary,TRANS,Sockeye,28,,SEL::Tahltan,STIKINE SOCKEYE SALMON
1036,Chutine,CHUTINE,1036,SE187,Chutine,CHUTINE,NA,SEL-26-03,Sockeye-Lake,NA,NA,NA,Transboundary,TRANS,Sockeye,28,,SEL::Chutine,STIKINE SOCKEYE SALMON
1037,Whiting,WHITING,1037,SE188,Whiting,WHITING,NA,SEL-27-01,Sockeye-Lake,NA,NA,NA,Transboundary,TRANS,,,,,
1027,Kuthai,KUTHAI,1027,SE189,Kuthai,KUTHAI,NA,SEL-28-01,Sockeye-Lake,NA,NA,NA,Transboundary,TRANS,Sockeye,29,Taku ? Wild,SEL::Kuthai,TAKU SOCKEYE SALMON
1028,Little Trapper,LTRAPPER,1028,SE190,Little Trapper,LTRAPPER,NA,SEL-28-02,Sockeye-Lake,NA,NA,NA,Transboundary,TRANS,Sockeye,29,Taku ? Wild,SEL::Little Trapper,TAKU SOCKEYE SALMON
1029,Tatsamenie,TATSAMENIE,1029,SE191,Tatsamenie,TATSAMENIE,NA,SEL-28-03,Sockeye-Lake,NA,NA,NA,Transboundary,TRANS,Sockeye,29,Taku ? Wild,SEL::Tatsamenie,TAKU SOCKEYE SALMON
1033,King Salmon,KING SALMON,1033,SE192,King Salmon,KING SALMON,NA,SEL-28-05,Sockeye-Lake,NA,NA,NA,Transboundary,TRANS,Sockeye,29,Taku ? Wild,SEL::King Salmon,TAKU SOCKEYE SALMON
1031,Blanchard-BC,BLANCHARD,1031,SE193,Blanchard-BC,BLANCHARD,NA,SEL-30-01,Sockeye-Lake,NA,NA,NA,Transboundary,TRANS,Sockeye,27,Alsek,SEL::Blanchard,ALSEK SOCKEYE SALMON
1038,Klukshu,KLUKSHU,1038,SE194,Klukshu-Yukon,KLUKSHU,NA,SEL-30-02,Sockeye-Lake,NA,NA,NA,Transboundary,TRANS,Sockeye,27,Alsek,SEL::Klukshu,ALSEK SOCKEYE SALMON
1039,Nesketahin-Yukon,NESKETAHIN,1039,SE195,Nesketahin-Yukon,NESKETAHIN,NA,SEL-30-03,Sockeye-Lake,NA,NA,NA,Transboundary,TRANS,Sockeye,27,Alsek,SEL::Neskatahin,ALSEK SOCKEYE SALMON
936,Village Bay,VILLAGE,936,T01,Village Bay,VILLAGE,SEL-11-010,SEL-11-10,Sockeye-Lake,5,NA,NA,Marked as Tentative in 2021 COSEWIC SE DU report,SOUTH COAST,Sockeye,19,Areas 11 to 13,SEL::Village Bay,ECVI/MAINLAND SOCKEYE SALMON
NA,Pack,PACK,NA,T02,Pack,PACK,NA,SEL-11-11,Sockeye-Lake,NA,NA,NA,"Marked as Tentative in 2021 COSEWIC SE DU report; NOT PREVIOUSLY IN SHEET, NO PSE CU ID; GEN LENGTH",SOUTH COAST,Sockeye,19,Areas 11 to 13,SEL::Pack,ECVI/MAINLAND SOCKEYE SALMON
NA,Glendale,GLENDALE,NA,T03,Glendale,GLENDALE,NA,SEL-11-12,Sockeye-Lake,NA,NA,NA,"Marked as Tentative in 2021 COSEWIC SE DU report; NOT PREVIOUSLY IN SHEET, NO PSE CU ID; GEN LENGTH",,,,,,
NA,Lois,LOIS,NA,T04,Lois,LOIS,NA,SEL-11-13,Sockeye-Lake,NA,NA,NA,"Marked as Tentative in 2021 COSEWIC SE DU report; NOT PREVIOUSLY IN SHEET, NO PSE CU ID; GEN LENGTH",,,,,,
526,Owikeno-Late,OWIKENO-L,526,T06,Owikeno,OWIKENO-L,SX_L-15-03,SEL-15-03,Sockeye-Lake,5,NA,NA,Marked as Tentative in 2021 COSEWIC SE DU report,NORTH COAST,Sockeye,21,Areas 7 to 10,SEL::Owikeno-Late timing,RIVERS/SMITH SOCKEYE SALMON
823,MARIAN,MARIAN,823,T07,Marian,MARIAN,SX_L-17-05,SEL-17-05,Sockeye-Lake,5,NA,NA,Marked as Tentative in 2021 COSEWIC SE DU report,NORTH COAST,Sockeye,26,Haida Gwaii,SEL::Marian/Eden,HAIDA GWAII SOCKEYE SALMON
NA,Mayer,MAYER,NA,T08,Mayer,MAYER,NA,SEL-17-11,Sockeye-Lake,NA,NA,NA,"Marked as Tentative in 2021 COSEWIC SE DU report; NOT PREVIOUSLY IN SHEET, NO PSE CU ID; GEN LENGTH",,,,,,
NA,Gudal,GUDAL,NA,T09,Gudal,GUDAL,NA,SEL-17-12,Sockeye-Lake,NA,NA,NA,"Marked as Tentative in 2021 COSEWIC SE DU report; NOT PREVIOUSLY IN SHEET, NO PSE CU ID; GEN LENGTH",,,,,,
529,Backland,BACKLAND,529,T10,Backland,BACKLAND,SX_L-18-01,SEL-18-01,Sockeye-Lake,5,NA,NA,Marked as Tentative in 2021 COSEWIC SE DU report,NORTH COAST,Sockeye,22,Coastal Areas 3 to 6,SEL::Backland,CENTRAL COAST SOCKEYE SALMON
533,Dome,DOME,533,T11,Dome,DOME,SX_L-18-03,SEL-18-03,Sockeye-Lake,5,NA,NA,Marked as Tentative in 2021 COSEWIC SE DU report,NORTH COAST,Sockeye,22,Coastal Areas 3 to 6,SEL::Dome,CENTRAL COAST SOCKEYE SALMON
531,Whalen,WHALEN,531,T12,Whalen,WHALEN,SX_L-18-11,SEL-18-11,Sockeye-Lake,5,NA,NA,Marked as Tentative in 2021 COSEWIC SE DU report,NORTH COAST,Sockeye,22,Coastal Areas 3 to 6,SEL::Whalen,CENTRAL COAST SOCKEYE SALMON
544,Borrowman Creek,BORROWMAN,544,T13,Borrowman,BORROWMAN,SX_L-19-05,SEL-19-05,Sockeye-Lake,5,NA,NA,Marked as Tentative in 2021 COSEWIC SE DU report,NORTH COAST,Sockeye,22,Coastal Areas 3 to 6,SEL::Borrowman Creek,CENTRAL COAST SOCKEYE SALMON
545,Busey Creek,BUSEY,545,T14,Busey,BUSEY,SX_L-19-06,SEL-19-06,Sockeye-Lake,5,NA,NA,Marked as Tentative in 2021 COSEWIC SE DU report,NORTH COAST,Sockeye,22,Coastal Areas 3 to 6,SEL::Busey Creek,CENTRAL COAST SOCKEYE SALMON
546,Cartwright Creek,CARTWRIGHT,546,T15,Cartwright Creek,CARTWRIGHT,SX_L-19-07,SEL-19-07,Sockeye-Lake,5,NA,NA,Marked as Tentative in 2021 COSEWIC SE DU report,NORTH COAST,Sockeye,22,Coastal Areas 3 to 6,SEL::Cartwright Creek,CENTRAL COAST SOCKEYE SALMON
547,Chic Chic,CHIC CHIC,547,T16,Chic Chic,CHIC CHIC,SX_L-19-08,SEL-19-08,Sockeye-Lake,5,NA,NA,Marked as Tentative in 2021 COSEWIC SE DU report,NORTH COAST,Sockeye,22,Coastal Areas 3 to 6,SEL::Chic Chic,CENTRAL COAST SOCKEYE SALMON
551,Dallain Creek,DALLAIN,551,T17,Dallain,DALLAIN,SX_L-19-12,SEL-19-12,Sockeye-Lake,5,NA,NA,Marked as Tentative in 2021 COSEWIC SE DU report,NORTH COAST,Sockeye,22,Coastal Areas 3 to 6,SEL::Dallain Creek,CENTRAL COAST SOCKEYE SALMON
552,Deer,DEER,552,T18,Deer,DEER,SX_L-19-13,SEL-19-13,Sockeye-Lake,5,NA,NA,Marked as Tentative in 2021 COSEWIC SE DU report,NORTH COAST,Sockeye,22,Coastal Areas 3 to 6,SEL::Deer,CENTRAL COAST SOCKEYE SALMON
554,Douglas Creek,DOUGLAS,554,T19,Douglas,DOUGLAS,SX_L-19-15,SEL-19-15,Sockeye-Lake,5,NA,NA,Marked as Tentative in 2021 COSEWIC SE DU report,NORTH COAST,Sockeye,22,Coastal Areas 3 to 6,SEL::Douglas Creek,CENTRAL COAST SOCKEYE SALMON
555,Elizabeth,ELIZABETH,555,T20,Elizabeth,ELIZABETH,SX_L-19-16,SEL-19-16,Sockeye-Lake,5,NA,NA,Marked as Tentative in 2021 COSEWIC SE DU report,NORTH COAST,Sockeye,22,Coastal Areas 3 to 6,SEL::Elizabeth,CENTRAL COAST SOCKEYE SALMON
558,Evinrude Inlet,EVINRUDE,558,T21,Evinrude,EVINRUDE,SX_L-19-19,SEL-19-19,Sockeye-Lake,5,NA,NA,Marked as Tentative in 2021 COSEWIC SE DU report,NORTH COAST,Sockeye,22,Coastal Areas 3 to 6,SEL::Evinrude Inlet,CENTRAL COAST SOCKEYE SALMON
560,Hartley Bay,HARTLEY,560,T22,Hartley Bay,HARTLEY,SX_L-19-21,SEL-19-21,Sockeye-Lake,5,NA,NA,Marked as Tentative in 2021 COSEWIC SE DU report,NORTH COAST,Sockeye,22,Coastal Areas 3 to 6,SEL::Hartley Bay,CENTRAL COAST SOCKEYE SALMON
561,Hevenor Inlet,HEVENOR,561,T23,Hevenor Inlet,HEVENOR,SX_L-19-22,SEL-19-22,Sockeye-Lake,5,NA,NA,Marked as Tentative in 2021 COSEWIC SE DU report,NORTH COAST,Sockeye,22,Coastal Areas 3 to 6,SEL::Hevenor Inlet,CENTRAL COAST SOCKEYE SALMON
563,Kadjusdis River,KADJUSDIS,563,T24,Kadjusdis,KADJUSDIS,SX_L-19-24,SEL-19-24,Sockeye-Lake,5,NA,NA,Marked as Tentative in 2021 COSEWIC SE DU report,NORTH COAST,Sockeye,22,Coastal Areas 3 to 6,SEL::Kadjusdis River,CENTRAL COAST SOCKEYE SALMON
567,Kenzuwash Creeks,KENZUWASH,567,T25,Kenzuwash,KENZUWASH,SX_L-19-28,SEL-19-28,Sockeye-Lake,5,NA,NA,Marked as Tentative in 2021 COSEWIC SE DU report,NORTH COAST,Sockeye,22,Coastal Areas 3 to 6,SEL::Kenzuwash Creeks,CENTRAL COAST SOCKEYE SALMON
568,Keswar Creek,KESWAR,568,T26,Keswar,KESWAR,SX_L-19-29,SEL-19-29,Sockeye-Lake,5,NA,NA,Marked as Tentative in 2021 COSEWIC SE DU report,NORTH COAST,Sockeye,22,Coastal Areas 3 to 6,SEL::Keswar Creek,CENTRAL COAST SOCKEYE SALMON
569,Kildidt Creek,KILDIDT,569,T27,Kildidt,KILDIDT,SX_L-19-30,SEL-19-30,Sockeye-Lake,5,NA,NA,Marked as Tentative in 2021 COSEWIC SE DU report,NORTH COAST,Sockeye,22,Coastal Areas 3 to 6,SEL::Kildidt Creek,CENTRAL COAST SOCKEYE SALMON
574,Kunsoot River,KUNSOOT,574,T28,Kunsoot,KUNSOOT,SX_L-19-35,SEL-19-35,Sockeye-Lake,5,NA,NA,Marked as Tentative in 2021 COSEWIC SE DU report,NORTH COAST,Sockeye,22,Coastal Areas 3 to 6,SEL::Kunsoot River,CENTRAL COAST SOCKEYE SALMON
576,Lewis Creek,LEWIS,576,T29,Lewis,LEWIS,SX_L-19-37,SEL-19-37,Sockeye-Lake,5,NA,NA,Marked as Tentative in 2021 COSEWIC SE DU report,NORTH COAST,Sockeye,22,Coastal Areas 3 to 6,SEL::Lewis Creek,CENTRAL COAST SOCKEYE SALMON
578,Lowe/Simpson/Weir,NA,578,T30,Lowe/Simpson/Weare,LOWE/SIMPSON/WEARE,SX_L-19-39,SEL-19-39,Sockeye-Lake,5,NA,NA,"Discrepancy in name - 2021 SE DU report calls ""Lowe/Simpson/Weare"", CU index matches; Marked as Tentative in 2021 COSEWIC SE DU report",NORTH COAST,Sockeye,22,Coastal Areas 3 to 6,SEL::Lowe/Simpson/Weare,CENTRAL COAST SOCKEYE SALMON
580,Mcdonald Creek,MCDONALD,580,T31,Mcdonald,MCDONALD,SX_L-19-41,SEL-19-41,Sockeye-Lake,5,NA,NA,Marked as Tentative in 2021 COSEWIC SE DU report,NORTH COAST,Sockeye,22,Coastal Areas 3 to 6,SEL::Mcdonald Creek,CENTRAL COAST SOCKEYE SALMON
581,Mcloughlin,MCLOUGHLIN,581,T32,Mcloughlin,MCLOUGHLIN,SX_L-19-42,SEL-19-42,Sockeye-Lake,5,NA,NA,Marked as Tentative in 2021 COSEWIC SE DU report,NORTH COAST,Sockeye,22,Coastal Areas 3 to 6,SEL::Mcloughlin,CENTRAL COAST SOCKEYE SALMON
583,Monckton Inlet Creek,MONCKTON,583,T33,Monckton Inlet,MONCKTON,SX_L-19-44,SEL-19-44,Sockeye-Lake,5,NA,NA,Marked as Tentative in 2021 COSEWIC SE DU report,NORTH COAST,Sockeye,22,Coastal Areas 3 to 6,SEL::Monckton Inlet Creek,CENTRAL COAST SOCKEYE SALMON
587,Price Creek,PRICE,587,T34,Price,PRICE,SX_L-19-48,SEL-19-48,Sockeye-Lake,5,NA,NA,Marked as Tentative in 2021 COSEWIC SE DU report,NORTH COAST,Sockeye,22,Coastal Areas 3 to 6,SEL::Price Creek,CENTRAL COAST SOCKEYE SALMON
588,Roderick,RODERICK,588,T35,Roderick,RODERICK,SX_L-19-50,SEL-19-50,Sockeye-Lake,5,NA,NA,y,NORTH COAST,Sockeye,22,Coastal Areas 3 to 6,SEL::Roderick,CENTRAL COAST SOCKEYE SALMON
592,Sheneeza Inlet,SHENEEZA,592,T36,Sheneeza,SHENEEZA,SX_L-19-55,SEL-19-55,Sockeye-Lake,5,NA,NA,Marked as Tentative in 2021 COSEWIC SE DU report,NORTH COAST,Sockeye,22,Coastal Areas 3 to 6,SEL::Sheneeza Inlet,CENTRAL COAST SOCKEYE SALMON
593,Ship Point Creek,SHIP_PNT,593,T37,Ship Point,SHIP_PNT,SX_L-19-56,SEL-19-56,Sockeye-Lake,5,NA,NA,Marked as Tentative in 2021 COSEWIC SE DU report,NORTH COAST,Sockeye,22,Coastal Areas 3 to 6,SEL::Ship Point Creek,CENTRAL COAST SOCKEYE SALMON
595,Stannard Creek,STANNARD,595,T38,Stannard,STANNARD,SX_L-19-58,SEL-19-58,Sockeye-Lake,5,NA,NA,Marked as Tentative in 2021 COSEWIC SE DU report,NORTH COAST,Sockeye,22,Coastal Areas 3 to 6,SEL::Stannard Creek,CENTRAL COAST SOCKEYE SALMON
598,Treneman Creek,TRENEMAN,598,T39,Treneman,TRENEMAN,SX_L-19-61,SEL-19-61,Sockeye-Lake,5,NA,NA,Marked as Tentative in 2021 COSEWIC SE DU report,NORTH COAST,Sockeye,22,Coastal Areas 3 to 6,SEL::Treneman Creek,CENTRAL COAST SOCKEYE SALMON
600,Tuno Creek East,TUNO_EAST,600,T40,Tuno East,TUNO_EAST,SX_L-19-63,SEL-19-63,Sockeye-Lake,5,NA,NA,Marked as Tentative in 2021 COSEWIC SE DU report,NORTH COAST,Sockeye,22,Coastal Areas 3 to 6,SEL::Tuno Creek East,CENTRAL COAST SOCKEYE SALMON
602,Tyler Creek,TYLER,602,T41,Tyler,TYLER,SX_L-19-65,SEL-19-65,Sockeye-Lake,5,NA,NA,Marked as Tentative in 2021 COSEWIC SE DU report,NORTH COAST,Sockeye,22,Coastal Areas 3 to 6,SEL::Tyler Creek,CENTRAL COAST SOCKEYE SALMON
604,Watt Bay,WATT,604,T42,Watt,WATT,SX_L-19-67,SEL-19-67,Sockeye-Lake,5,NA,NA,Marked as Tentative in 2021 COSEWIC SE DU report,NORTH COAST,Sockeye,22,Coastal Areas 3 to 6,SEL::Watt Bay,CENTRAL COAST SOCKEYE SALMON
605,West Creek,WEST_CRK,605,T43,West Creek,WEST_CRK,SX_L-19-68,SEL-19-68,Sockeye-Lake,5,NA,NA,Marked as Tentative in 2021 COSEWIC SE DU report,NORTH COAST,Sockeye,22,Coastal Areas 3 to 6,SEL::West Creek,CENTRAL COAST SOCKEYE SALMON
606,Yaaklele Lagoon,YAAKLELE,606,T44,Yaaklele,YAAKLELE,SX_L-19-69,SEL-19-69,Sockeye-Lake,5,NA,NA,Marked as Tentative in 2021 COSEWIC SE DU report,NORTH COAST,Sockeye,22,Coastal Areas 3 to 6,SEL::Yaaklele Lagoon,CENTRAL COAST SOCKEYE SALMON
NA,Sylvia Creek,SYLVIA,NA,T45,Sylvia,SYLVIA,NA,SEL-19-72,Sockeye-Lake,NA,NA,NA,"Marked as Tentative in 2021 COSEWIC SE DU report; NOT PREVIOUSLY IN SHEET, NO PSE CU ID; GEN LENGTH",,,,,,
NA,South Bonnila,S_BONNILA,NA,T46,South Bonnila,S_BONNILA,NA,SEL-19-73,Sockeye-Lake,NA,NA,NA,"Marked as Tentative in 2021 COSEWIC SE DU report; NOT PREVIOUSLY IN SHEET, NO PSE CU ID; GEN LENGTH",,,,,,
243,Onerka,ONERKA,243,T47,Onerka,ONERKA,NA,NA,Sockeye-Lake,5,NA,NA,Marked as Tentative in 2021 COSEWIC SE DU report,,,,,,
418,Clements,CLEMENTS,418,T48,Clements,CLEMENTS,NA,NA,Sockeye-Lake,NA,NA,NA,Marked as Tentative in 2021 COSEWIC SE DU report,NORTH COAST,Sockeye,24,Skeena ? Wild,SEL::Clements,SKEENA SOCKEYE SALMON
NA,Split Mountain/Leverson,SPLIT_MTN/LEVERSON,419,T49,Split Mountain/Leverson,SPLIT_MTN/LEVERSON,NA,SEL-23-02,Sockeye-Lake,NA,NA,NA,"Marked as Tentative in 2021 COSEWIC SE DU report; NOT PREVIOUSLY IN SHEET, NO PSE CU ID; GEN LENGTH",NORTH COAST,Sockeye,24,Skeena ? Wild,SEL::Split Mountain/Leverson,SKEENA SOCKEYE SALMON
419,Leverson,NA,419,T49,Split Mountain/Leverson,SPLIT_MTN/LEVERSON,NA,NA,Sockeye-Lake,NA,NA,NA,Not sure this is the right match; no CU index to compare; partial name match,,,,,,
NA,Owossitsa,OWOSSITS,NA,T5,Owossitsa,OWOSSITS,NA,SEL-13-21,Sockeye-Lake,NA,NA,NA,"Marked as Tentative in 2021 COSEWIC SE DU report; NOT PREVIOUSLY IN SHEET, NO PSE CU ID; GEN LENGTH",SOUTH COAST,Sockeye,18,WCVI ? Other,SEL::Owossitsa,WCVI -OTHER SOCKEYE SALMON
